p001	N=6	eps read 3.1: left half of the 3 faded (the dot-matrix font often loses the left column of a glyph); a faded 3 elsewhere is confirmed by the classification table (N=13 I=39, N=71 I=37)
p001	N=85	sigma 19707.3509: first decimal faded, read 3 (order allows 3-5); not in the pilot classification pages
p001	N=109-110	sigma 19709.3406, 19709.3814: first decimal faded, read 3 (order allows 3 or 4, and a 4 is unmistakable)
p002	N=120	sigma 19710.3566: first decimal faded, read 3 (order allows 2-4)
p002	N=136	sigma 19711.9009: first decimal read 9 (order allows 8 or 9; in this font 9 prints like 5, 8 like a broken 8)
p002	N=131,150,162,171,214,223	I 31, 34, 34, 32, 34, 38: tens digit faded to its right half, read 3 (not 1)
all	N=1-80	sigma differs from the classification table's sigma_mes by -1, 0 or +1 in the last digit (31 of 49 lines); both read clearly, e.g. N=28 plate 19702.0099, classification 19702.0100: the two tables print separately rounded values
p003	N=246	eps read 8.2: first digit could be 6 (8/6 confusion)
p003	N=248	sigma 19721.8614: first decimal faded, read 8 (order allows 8 or 9)
p003	N=259	sigma 19723.0185: third decimal read 8, could be 6 (0165)
p003	N=315	I read 26, could be 28
p003	N=326-327	I 73 and 73 (eps 1.5, 2.0): the I column of this block prints about half a row high; paired by count (10 values for 10 rows), so a one-row shift would be visible elsewhere and is not
p003	N=340	eps read 6.6: first digit faded, could be 8.6
p004	N=353	eps read 8.3, could be 6.3
p004	N=357	sigma 19731.6338: last digit read 8, could be 6
p005	N=467	sigma 19741.0617: second decimal read 6, could be 8 (0817); order allows both
p005	N=487	eps 4.3 with I 81 (large eps on a strong line); read clearly, check against the classification table
p005	N=516	I 57 followed by a hand-drawn dash in the margin
p005	N=577	sigma 19750.8707: first decimal looks like 6, but order (.7305 < x < .9408) requires 8
p007	N=787-789	sigma 19769.2216, .2366, .2825: first decimal faded to its right half in all three, read 2 (same partial glyph; order allows 2 for 787-788, 2-3 for 789); N=789 second decimal read 8 (top faded, could be 6)
p007	N=798	I 31: tens digit faded to its right half, read 3
p008	N=932-934	sigma 19781.3057, .3543, .3986: first decimal faded to its right half, read 3 in all three (order allows 2 or 3, nondecreasing; the glyphs look like a 3's right half, not a 2's)
p009	N=945	sigma 19782.3235: faded; first decimal read 3 (order allows 3), second read 2 (top and diagonal only, could be 7), third read 3 (right half only, could be 8)
p009	N=956	sigma 19783.4345: second decimal faded to its right half, read 3 (could be 2 or 8)
p009	N=964	sigma 19784.1085: third decimal read 8 (two stacked loops, right side faded; could be 6)
p010	N=1153-1154	sigma 19801.2020, 19801.2756: first decimal faded to its right half, read 2 (order allows 0-2 for 1153, 0-3 for 1154; the glyph is a 2's right half)
p007	N=691,704	sigma 19761.3442, 19762.3875: first decimal (691) and second decimal (704) faded; first read as 3942 / 3675, set to the classification table's 3442 / 3875 (order allows both; the faded glyphs fit 4 and 8)
p007	N=705	sigma 19762.4458: last digit 8/6 confusion; classification table has .4458
p007,p008	N=715,890,901	sigma 19763.3929, 19777.8099, 19778.8999: this font's 9 prints like a 5 (first read .3925, .8059, .8959); classification sigma_mes .3928, .8098, .8999 confirms 9, within the usual last-digit rounding
p009	N=1018	sigma 19789.0394: third decimal first read 5 (this font 9 prints like 5); classification sigma_mes 19789.0393 confirms 9
p011-p014	faded glyphs	in each table column one print position loses the right half of its glyphs (0 prints as C, 6 and 8 both as E); which position varies by column (first, second or last decimal). Faded first decimals were pinned by sigma ordering; other E glyphs read 8 when the waist is pinched, 6 when the top curls open
p011	N=1170	sigma 19802.6331: first decimal E, read 6 by order (< 1171 19802.6868)
p011	N=1171	sigma 19802.6868: last digit E, read 8 (6 possible)
p011	N=1174	sigma 19802.8689: second decimal E, read 6 (8 possible)
p011	N=1179	sigma 19803.3367: second decimal faded, read 3 (2 possible)
p011	N=1267	sigma 19811.9181: first decimal S-shaped, read 9 (order allows 8 or 9)
p011	N=1273-1274	sigma 19812.3834, 19812.5886: first decimals faded, read 3 and 5 by shape (order allows 3-5 / 4-6); 1274 third decimal E read 8 (6 possible)
p011	N=1273	eps 2.4 with I 77, read clearly as printed
p012	N=1284	sigma 19813.3819: second decimal E, read 8 (6 possible)
p012	N=1297	sigma 19814.7893: second decimal E, read 8 (6 possible)
p012	N=1369	sigma 19820.6839: first decimal E read 6 by order; second decimal read 8 (6 possible)
p012	N=1388,1390,1392	sigma 19822.3766, .4705, .7150: first decimal faded, read 3, 4, 7 by shape (order allows 2-4 / 4-5 / 6-7)
p012	N=1394	sigma 19822.8884: second decimal E, read 8 (6 possible: 19822.8684)
p012	N=1380	eps 7.3 with I 25, read clearly as printed
p013	N=1398	sigma 19823.1830: third decimal E, read 8 (6 possible)
p013	N=1401,1408,1409	sigma last digit E read 8 (19823.4718, 19824.2408, 19824.3358); N=1395,1407,1411 last digit E read 6 (19822.9726, 19824.0586, 19824.5386); either could be the other
p013	N=1410	sigma 19824.3839: last digit S-shaped, read 9 (5 possible)
p013	N=1482	sigma 19831.3259: first decimal faded, read 3 (order allows 1-4)
p013	N=1493	sigma 19832.5137: first decimal faded, read 5 (order allows 4-6)
p014	N=1505-1506	eps 8.4, 8.1: first digit E, read 8 (6 possible)
p014	N=1509,1513,1514,1521	sigma last digit E read 8 (19834.4058, 19834.7038, 19834.7568, 19835.6268); 6 possible
p014	N=1582	sigma 19841.5711: first decimal faded, read 5 (order allows 4-6)
p014	N=1603	sigma 19843.5460: first decimal faded, read 5 (order allows 4-6)
p015	N=1604	sigma 19843.6662: first decimal glyph could be 0 or 6; read 6 (page 14 ends N=1603 at 19843.5460, so 0 is impossible)
p015	N=1605,1606	sigma 19843.8208, 19843.8838: last digit broken, read 8 (9 possible)
p015	N=1619	sigma 19844.8900: first decimal faded, read 8 (order allows 8 or 9)
p015	N=1621	sigma 19845.1658: last digit printed like E, read 8 (6 possible)
p015	N=1627	sigma 19845.5178: last digit P-shaped, read 8 (9 possible)
p015	N=1695,1713,1715	sigma 19851.7063, 19853.4083, 19853.4812: first decimal faded, read 7, 4, 4 (order allows 6-7, 3-4, 4-6)
p015	N=1697	I 37: tens digit faded, read 3 (not 1)
p017	N=1922,1935	sigma 19872.8433, 19873.8681: first decimal faded, read 8 (order allows 7-8, 8-9)
p018	N=1962	sigma 19876.0370: last digit's left half faded, read 0 (8 or 3 possible)
p019	N=2056	sigma 19885.0363: last digit read 3 (left half faded; 2 possible)
p019	N=2094	sigma 19888.9486: last digit read 6 (prints like E; 8 possible); integer part prints 19868 (dot-matrix 6/8), taken as 19888 by order
p019	N=2133	sigma 19892.3670 eps 5.2: first decimal faded (order allows 3 or 4, read 3); last digit 0 (8 possible); eps first digit 5 (3 possible)
p019	N=2134	sigma 19892.4568: first decimal faded, read 4 (order allows 4 or 5)
p019	N=2144	sigma 19893.4076: first decimal faded, read 4 (order allows 3-5)
p020	N=2166	sigma 19895.6170: first decimal prints like 5, but order (2165 = .5325) requires 6
p020	N=2183	sigma 19897.3611: first decimal faded, read 3 (order allows 3 or 4)
p020	N=2200	sigma printed with the integer part blurred; 19898.9704 by order (between 19898.8986 and 19899.0436)
p020	N=2243	eps 6.8: second digit 8 (6 possible)
p020	N=2249	sigma 19903.4416: first decimal faded, read 4 (order allows 3-5)
p021	N=2273	sigma 19905.2839: last digit read 9 (faint column; 5 possible)
p021	N=2283	sigma 19906.3208: last digit prints like E, read 8 (6 possible)
p021	N=2288	sigma 19906.8806: third decimal faint, read 0 (3 possible)
p021	N=2331	eps 1.0: second digit smudged (0 read; 6/8 possible)
p021	N=2377	sigma 19915.3298: first decimal faded, read 3 (order allows 2 or 3)
p022	N=2382	sigma 19915.7263 I 20: last sigma digit 3 (2 possible); I second digit 0 (8 possible)
p024	N=2596	sigma 19936.0647: first decimal faded to its right half, read 0 (order allows 0 or 1; a 1 would print whole)
p024	N=2604	sigma 19936.8683: third and fourth decimals partly faded (6/8, 3/8 confusions), read 83
p025	N=2712	sigma 19946.8388: second to fourth decimals faded, read 388 (order allows 19946.74-19946.85; first decimal 8)
p025	N=2733	sigma 19949.0005: second and third decimals faded, read 00 (could be 0/8/6)
p025	N=2732	sigma 19948.9009: second and third decimals faded, read 00
p026	N=2808	sigma 19956.8206: first decimal faded, read 8 (order allows 7 or 8); third decimal faded, read 0
p026	N=2894	sigma 19965.3055: first decimal faded (order allows 2 or 3, read 3); second decimal read 0 (could be 8)
p029	N=3142	sigma 19988.8281: third integer digit misprinted/smudged (reads like "99R8"), integer part 19988 from order; first decimal read 8 (order allows 7-9)
p029	N=3155	eps read 0.8 (could be 0.3; left half faded)
p030	N=3230	sigma 19997.8778: first decimal faded, read 8 (order allows 8 or 9)
p030	N=3236	sigma 19998.7709: third decimal faded, read 0 (could be 3/8)
p028	N=3082	I read 28 (second digit could be 9)
p031	N=3339	sigma 20008.3835: second decimal read 8 (prints like E; 6 possible)
p031	N=3361	sigma 20010.5837: second decimal read 8 (prints like E; 6 possible)
p031	N=3416-3417,3426-3427	sigma 20016.3446, 20016.3884, 20017.3286, 20017.3694: first decimal faded to a bottom bar (order allows 2 or 3); read 3, confirmed by the line ticks of the spectrum plot above the table
p031	N=3399	sigma 20014.6024: second decimal faded to its right half, read 0 (3 possible)
p032	N=3446	sigma 20019.3509: first decimal faded (order allows 2-4), read 3, confirmed by the plot tick
p032	N=3457	sigma 20020.1306: second decimal faded, read 3 (plot tick agrees with .13, not .18)
p032	N=3460	sigma 20020.6208: third decimal faded to its right half, read 0 (3 possible)
p033	N=3532	sigma 20028.5357: second decimal faded, read 3 (2 possible)
p033	N=3562	sigma 20031.7618: last digit read 8 (6 possible)
p033	N=3599,3609	sigma 20036.3793, 20037.6072: faded digit (first decimal 3 vs 2; second decimal 0 vs 8), both confirmed by the plot ticks
