1120	19798.5986	6						
			20	R	72	1	19798.6157	
1121	19798.6694	3						
1122	19798.7285	10	10	R	70	1	19798.7202	8.3
1123	19798.7878	31	79	P	65	0	19798.7937	-5.9
1124	19798.8638	52	73	P	62	0	19798.8694	-5.6
			16	R	71	1	19798.8906	
1125	19798.9453	32	22	P	73	1	19798.9490	-3.7
1125	19798.9453	32	78	R	64	0	19798.9539	-8.5
1126	19799.0217	7	9	P	70	1	19799.0168	4.9
1127	19799.0713	4						
1128	19799.1238	64	30	P	55	0	19799.1255	-1.7
			70	P	61	0	19799.2249	
1129	19799.2502	81	57	P	58	0	19799.2419	8.3
1129	19799.2502	81	42	P	56	0	19799.2556	-5.4
			58	R	58	0	19799.2666	
			9	R	70	1	19799.3003	
			76	R	63	0	19799.3042	
1130	19799.3418	8	19	P	72	1	19799.3335	8.3
1131	19799.4250	72	15	P	71	1	19799.4148	10.3
1131	19799.4250	72	31	R	55	0	19799.4270	-2.0
1132	19799.4834	11	22	R	73	1	19799.4795	3.9
1133	19799.5430	73	43	R	56	0	19799.5430	0.0
			8	P	70	1	19799.5669	
1134	19799.6907	9						
1135	19799.7617	65	63	R	59	0	19799.7629	-1.2
			8	R	70	1	19799.8208	
1136	19799.8398	14	19	R	72	1	19799.8345	5.4
1136	19799.8398	14	15	R	71	1	19799.8452	-5.4
1137	19799.9360	57	62	P	59	0	19799.9377	-1.7
1138	19800.0608	7	7	P	70	1	19800.0574	3.4
1139	19800.1428	27	80	P	66	0	19800.1431	-0.2
1140	19800.1812	24	81	P	67	0	19800.1819	-0.7
1141	19800.2876	8	7	R	70	1	19800.2815	6.1
1142	19800.3389	14	14	P	71	1	19800.3357	3.2
1142	19800.3389	14	21	P	73	1	19800.3367	2.2
1143	19800.4387	65	50	P	57	0	19800.4380	0.7
			6	P	70	1	19800.4885	
1144	19800.5066	69	67	R	60	0	19800.5024	4.2
1144	19800.5066	69	18	P	72	1	19800.5149	-8.3
			77	P	64	0	19800.5266	
1145	19800.5442	74	29	P	55	0	19800.5476	-3.4
1145	19800.5442	74	75	P	63	0	19800.5547	-10.5
1146	19800.6233	69	51	R	57	0	19800.6223	1.0
1147	19800.6775	5	6	R	70	1	19800.6829	-5.4
1148	19800.7429	8	14	R	71	1	19800.7390	3.9
1149	19800.8396	65	30	R	55	0	19800.8406	-1.0
1149	19800.8396	65	21	R	73	1	19800.8452	-5.6
			5	P	70	1	19800.8601	
1150	19800.9036	57	66	P	60	0	19800.9067	-3.2
