line,eqQ,eqQ_unc,C,C_unc,d,d_unc,delta,delta_unc,fit_sd_kHz,note
127I2 P(10) 42-0,-557.119,0.020,0.176138,0.000096,-0.08916,0.00086,-0.00520,0.00085,7.6,
127I2 P(19) 42-0,-556.988,0.066,0.17666,0.00017,-0.0921,0.0043,-0.0016,0.0039,33,
127I2 R(30) 42-0,-557.184,0.044,0.177751,0.000085,-0.0946,0.0022,0.0099,0.0033,22,
127I2 R(41) 42-0,-557.553,0.030,0.179178,0.000024,-0.0929,0.0020,-0.0003,0.0016,17,
127I2 R(49) 42-0,-557.612,0.050,0.180487,0.000046,-0.0915,0.0025,0.0051,0.0023,30,
127I2 P(13) 43-0,-558.613,0.018,0.190361,0.000078,-0.09899,0.00062,-0.00083,0.00056,10,
127I2 P(25) 43-0,-558.823,0.015,0.191161,0.000039,-0.1009,0.0012,0.0025,0.0011,9.4,
127I2 R(27) 43-0,-558.667,0.023,0.191593,0.000038,-0.0988,0.0016,0.0015,0.0012,11,
127I2 P(38) 43-0,-558.565,0.012,0.192839,0.000021,-0.10109,0.00069,-0.00001,0.00081,5.9,
127I2 R(40) 43-0,-558.604,0.017,0.193497,0.000014,-0.10303,0.00086,0.00034,0.00086,6.4,
127I2 R(63) 43-0,-559.456,0.016,0.198545,0.000012,-0.10629,0.00090,0.00234,0.00085,11,
127I2 R(21) 45-0,-560.838,0.013,0.223669,0.000023,-0.12073,0.00080,0.00623,0.00057,7.6,
127I2 R(52) 45-0,-561.356,0.022,0.229843,0.000018,-0.1239,0.0010,0.0095,0.0015,10,
127I2 P(69) 45-0,-561.804,0.011,0.2349204,0.0000071,-0.12617,0.00080,0.00739,0.00059,6.8,
127I2 P(91) 45-0,-562.546,0.013,0.2452897,0.0000055,-0.1324,0.0010,0.00975,0.00082,7.9,
127I2 R(31) 47-0,-562.816,0.027,0.264762,0.000035,-0.1390,0.0016,0.0172,0.0012,12,
127I2 R(51) 47-0,-563.294,0.012,0.270529,0.000010,-0.14741,0.00084,0.01588,0.00064,7.0,
127I2 R(92) 47-0,-564.742,0.023,0.293399,0.000010,-0.1598,0.0010,0.0200,0.0013,9.4,
127I2 R(111) 47-0,-565.651,0.056,0.310759,0.000029,-0.1626,0.0044,0.0254,0.0035,37,
127I2 P(19) 49-0,-564.6327,0.0072,0.309250,0.000021,-0.16923,0.00043,0.02631,0.00031,4.6,
127I2 P(41) 49-0,-564.886,0.026,0.314896,0.000028,-0.1706,0.0018,0.0262,0.0013,16,
127I2 P(62) 49-0,-565.295,0.039,0.324667,0.000025,-0.1794,0.0017,0.0326,0.0022,16,
127I2 R(93) 49-0,-566.485,0.019,0.3509271,0.0000087,-0.1940,0.0013,0.0403,0.0010,11,
127I2 P(108) 49-0,-567.273,0.024,0.3662298,0.0000084,-0.1996,0.0010,0.0427,0.0013,9.7,
127I2 R(55) 50-0,-566.0544,0.0080,0.3504090,0.0000055,-0.19199,0.00056,0.03910,0.00046,4.7,
127I2 R(20) 51-0,-566.275,0.021,0.366031,0.000035,-0.20074,0.00096,0.0469,0.0011,7.1,
127I2 P(30) 51-0,-566.415,0.029,0.368223,0.000040,-0.2005,0.0013,0.0401,0.0019,13,
127I2 P(50) 51-0,-566.763,0.014,0.377297,0.000011,-0.20747,0.00063,0.05024,0.00066,5.6,
127I2 P(73) 51-0,-567.132,0.023,0.394644,0.000014,-0.2134,0.0016,0.0552,0.0012,12,
127I2 P(90) 51-0,-567.872,0.028,0.413339,0.000014,-0.2258,0.0013,0.0628,0.0019,13,
127I2 R(32) 53-0,-567.752,0.027,0.437830,0.000032,-0.2383,0.0012,0.0785,0.0016,11,
127I2 R(51) 53-0,-568.171,0.011,0.450037,0.000011,-0.24241,0.00082,0.08388,0.00055,6.6,
127I2 P(70) 53-0,-568.623,0.034,0.466803,0.000019,-0.2535,0.0015,0.0937,0.0019,14,
127I2 P(89) 53-0,-569.274,0.040,0.493524,0.000021,-0.2664,0.0027,0.1073,0.0019,21,
127I2 R(21) 55-0,-568.807,0.018,0.513082,0.000032,-0.2718,0.0012,0.12206,0.00091,10,
127I2 P(61) 55-0,-569.444,0.022,0.544230,0.000021,-0.2854,0.0016,0.1444,0.0013,15,
127I2 P(83) 55-0,-570.208,0.027,0.579914,0.000017,-0.3006,0.0016,0.1701,0.0013,15,
127I2 P(102) 55-0,-571.145,0.042,0.626595,0.000027,-0.3212,0.0021,0.2092,0.0028,22,
127I2 P(19) 57-0,-569.534,0.027,0.605935,0.000082,-0.3091,0.0019,0.1993,0.0011,15,
127I2 P(33) 57-0,-569.335,0.044,0.614577,0.000046,-0.3103,0.0026,0.2058,0.0020,23,
127I2 R(65) 57-0,-571.765,0.086,0.660831,0.000090,-0.4260,0.0068,0.3647,0.0059,60,
127I2 R(74) 57-0,-570.210,0.094,0.678716,0.000054,-0.3092,0.0044,0.2500,0.0065,44,
127I2 P(80) 57-0,-570.38,0.12,0.688579,0.000074,-0.298,0.014,0.240,0.021,37,
127I2 R(83) 57-0,-570.632,0.090,0.702332,0.000076,-0.311,0.012,0.280,0.011,46,
127I2 R(95) 57-0,-570.701,0.083,0.741636,0.000048,-0.3270,0.0059,0.3323,0.0050,51,
127I2 P(17) 59-0,-568.58,0.15,0.72125,0.00042,-0.290,0.013,0.141,0.011,73,
127I2 P(27) 59-0,-573.49,0.28,0.71536,0.00054,-0.569,0.014,0.382,0.014,131,
127I2 R(28) 59-0,-573.32,0.48,0.72088,0.00055,-0.476,0.024,0.316,0.018,93,
127I2 P(49) 59-1,-571.695,0.039,0.750322,0.000035,-0.4326,0.0026,0.3335,0.0020,22,
127I2 R(81) 59-0,-572.12,0.11,0.840592,0.000060,-0.4355,0.0078,0.4337,0.0059,65,
127I2 P(87) 59-0,-572.555,0.090,0.856503,0.000046,-0.4360,0.0065,0.4444,0.0055,55,
127I2 P(21) 60-0,-569.937,0.020,0.783323,0.000037,-0.3773,0.0013,0.34612,0.00086,11,
127I2 R(34) 60-0,-569.964,0.045,0.799015,0.000053,-0.3820,0.0020,0.3619,0.0030,21,
127I2 R(45) 60-1,-570.446,0.092,0.816760,0.000082,-0.3800,0.0062,0.3793,0.0037,43,
127I2 R(99) 60-0,-573.28,0.23,1.03267,0.00011,-0.499,0.017,0.688,0.014,121,
127I2 P(17) 61-0,-569.550,0.024,0.850067,0.000059,-0.3944,0.0014,0.4414,0.0010,13,
127I2 R(36) 61-0,-569.603,0.042,0.875111,0.000089,-0.4056,0.0019,0.4638,0.0027,16,
127I2 P(53) 61-0,-570.037,0.079,0.906087,0.000075,-0.4162,0.0042,0.5154,0.0042,44,
127I2 P(83) 61-0,-570.14,0.14,1.02283,0.00010,-0.422,0.010,0.6224,0.0083,87,
127I2 P(23) 63-0,-568.464,0.078,1.01785,0.00015,-0.4219,0.0056,0.6974,0.0044,46,
127I2 R(31) 63-0,-568.62,0.11,1.03395,0.00015,-0.4281,0.0076,0.7225,0.0058,70,
127I2 P(43) 63-0,-568.854,0.083,1.05691,0.00012,-0.4436,0.0043,0.7560,0.0036,40,
127I2 P(52) 63-0,-569.08,0.11,1.084930,0.000090,-0.4532,0.0049,0.7987,0.0073,51,
127I2 P(19) 65-0,-566.342,0.063,1.21056,0.00014,-0.4648,0.0037,1.0373,0.0032,43,
127I2 P(33) 65-0,-566.504,0.073,1.24010,0.00014,-0.4893,0.0033,1.0966,0.0034,46,
127I2 R(43) 65-0,-567.21,0.11,1.28195,0.00020,-0.4901,0.0068,1.1712,0.0049,57,
127I2 P(33) 69-0,-558.63,0.12,1.85049,0.00022,-0.6800,0.0072,2.3114,0.0069,44,
127I2 P(39) 69-0,-560.05,0.23,1.89425,0.00041,-0.696,0.012,2.422,0.010,119,
127I2 R(44) 69-0,-561.17,0.27,1.96255,0.00038,-0.732,0.012,2.5258,0.0096,76,
127I2 R(49) 69-0,-559.39,0.26,2.02075,0.00033,-0.854,0.014,2.559,0.014,116,
127I2 P(53) 69-0,-562.09,0.50,2.04973,0.00057,-0.793,0.028,2.691,0.022,252,
127I2 P(35) 70-0,-557.32,0.24,2.08735,0.00037,-0.809,0.012,2.8335,0.0088,111,
127I2 R(37) 70-0,-557.47,0.35,2.12619,0.00051,-0.867,0.022,2.886,0.014,173,
127I2 R(45) 70-0,-558.80,0.44,2.22994,0.00062,-0.937,0.024,3.045,0.017,196,
