N,sigma_cm1,eps_mk,depth,table_page
1,13800.6277,2.0,69,1
2,13801.4187,1.9,68,1
3,13802.0002,3.9,41,1
4,13802.3121,2.0,54,1
5,13803.0909,1.7,55,1
6,13803.3900,2.8,48,1
7,13803.9784,2.5,62,1
8,13804.7510,2.1,64,1
9,13805.2495,3.1,40,1
10,13805.5031,3.2,40,1
11,13805.6314,1.8,57,1
12,13806.3915,2.0,60,1
13,13806.5400,2.1,54,1
14,13807.2676,3.0,68,1
15,13808.0169,3.1,70,1
16,13808.3942,1.7,44,1
17,13808.8906,1.6,61,1
18,13809.4207,2.1,57,1
19,13809.6298,1.6,56,1
20,13810.3458,2.2,52,1
21,13810.4972,2.5,61,1
22,13811.2271,2.7,66,1
23,13812.0848,1.5,60,1
24,13812.8086,1.8,57,1
25,13812.8620,3.1,40,1
26,13813.4590,3.3,42,1
27,13813.6614,1.8,67,1
28,13814.3772,2.1,69,1
29,13815.2216,1.6,56,1
30,13815.3826,2.3,61,1
31,13815.4275,2.0,52,1
32,13815.9256,1.2,59,1
33,13816.7658,1.8,64,1
34,13817.4612,3.0,74,1
35,13818.3488,4.3,51,1
36,13818.4738,6.1,43,1
37,13818.9819,1.6,62,1
38,13819.8096,3.0,65,1
39,13820.4862,2.4,70,1
40,13821.3066,2.8,69,1
41,13821.9361,2.2,49,1
42,13821.9776,1.7,65,1
43,13822.7981,2.6,77,1
44,13823.1220,3.2,40,1
45,13823.4538,1.6,69,1
46,13824.0741,3.2,47,1
47,13824.2123,3.2,45,1
48,13824.2616,4.6,51,1
49,13824.9130,1.5,62,1
50,13825.2550,2.3,54,1
51,13825.7149,2.1,69,1
52,13826.3589,2.0,73,1
53,13827.1521,2.1,58,1
54,13827.7884,1.8,52,1
55,13828.2955,2.9,61,1
56,13828.5725,2.6,67,1
57,13829.2005,2.2,64,1
58,13829.9829,2.1,59,1
59,13830.5989,1.8,57,1
60,13830.6982,2.2,50,1
61,13830.7548,2.8,43,1
62,13831.3769,1.9,72,1
63,13831.5687,2.1,41,1
64,13831.9812,2.3,72,1
65,13832.4693,6.5,53,1
66,13832.7514,1.7,57,1
67,13833.3531,1.4,64,1
68,13833.6374,2.0,53,1
69,13834.1144,2.0,67,1
70,13834.5301,2.7,39,1
71,13834.7056,2.4,74,1
72,13835.4592,3.2,62,1
73,13835.9849,2.6,46,2
74,13836.0443,1.6,64,2
75,13836.4968,2.5,46,2
76,13836.7943,1.5,67,2
77,13837.2380,2.9,54,2
78,13837.3683,1.4,68,2
79,13837.8486,4.4,44,2
80,13838.1070,1.6,63,2
81,13838.6014,2.7,52,2
82,13838.6733,1.8,58,2
83,13839.4113,2.0,68,2
84,13839.5963,3.6,58,2
85,13839.7629,2.1,50,2
86,13839.9698,1.9,66,2
87,13840.6258,2.8,53,2
88,13840.6952,1.5,74,2
89,13841.2471,1.9,58,2
90,13841.4215,2.1,38,2
91,13841.9251,3.8,49,2
92,13841.9654,2.1,69,2
93,13842.5145,2.4,75,2
94,13843.2232,2.0,69,2
95,13843.7623,2.9,73,2
96,13844.2368,2.8,62,2
97,13844.4616,2.0,69,2
98,13844.6099,2.3,46,2
99,13844.8571,3.6,41,2
100,13844.9926,1.7,75,2
101,13845.6880,1.6,68,2
102,13846.2062,1.4,61,2
103,13846.5485,2.4,56,2
104,13846.8967,1.9,65,2
105,13847.4096,1.9,71,2
106,13847.7163,3.2,48,2
107,13847.7951,2.8,40,2
108,13848.0912,2.1,53,2
109,13848.5941,1.4,62,2
110,13848.8323,1.9,45,2
111,13849.2694,3.3,63,2
112,13849.6693,3.3,40,2
113,13849.7689,1.8,72,2
114,13849.8162,2.8,49,2
115,13850.4359,1.9,58,2
116,13850.9242,2.5,57,2
117,13851.5845,2.7,78,2
118,13851.7155,2.3,52,2
119,13852.0660,2.0,68,2
120,13852.3966,2.9,46,2
121,13852.5760,2.1,38,2
122,13852.7210,1.6,67,2
123,13853.1899,1.5,68,2
124,13853.3559,2.0,68,2
125,13853.8356,2.0,66,2
126,13854.3035,1.6,89,2
127,13854.9395,1.9,60,2
128,13855.3265,2.8,45,2
129,13855.4030,1.9,68,2
130,13856.0287,2.2,69,2
131,13856.1008,3.2,38,2
132,13856.2073,3.0,61,2
133,13856.4824,1.7,73,2
134,13857.1015,1.6,64,2
135,13857.5478,2.3,52,2
136,13857.8210,3.3,44,2
137,13858.0730,3.4,54,2
138,13858.1594,1.7,66,2
139,13858.4351,1.6,49,2
140,13858.5978,1.6,67,2
141,13858.8325,2.6,50,2
142,13859.1989,2.4,64,2
143,13859.6333,1.6,58,2
144,13859.9435,1.6,51,2
145,13860.2331,2.1,74,2
146,13860.6493,1.8,80,2
147,13860.7763,2.4,55,2
148,13861.0355,2.1,42,2
149,13861.2434,1.4,63,2
150,13861.6579,2.0,56,2
151,13861.7915,2.2,43,2
152,13862.2339,4.8,75,2
153,13862.6508,2.1,65,2
154,13863.2263,1.7,56,2
155,13863.6253,1.7,80,2
156,13864.1933,2.3,67,2
157,13864.2609,2.9,45,2
158,13864.4008,2.3,43,2
159,13864.5847,2.1,71,2
160,13864.7016,2.4,45,2
161,13865.0130,3.2,43,2
162,13865.1426,1.5,56,2
163,13865.4389,2.8,47,2
164,13865.5291,1.6,52,2
165,13866.0817,2.0,64,2
166,13866.1653,1.9,43,2
167,13866.4584,2.7,59,2
168,13866.5625,2.3,43,2
169,13866.9566,8.7,38,2
170,13867.0029,1.7,69,2
171,13867.1738,2.0,43,2
172,13867.2438,2.1,46,2
173,13867.3750,2.0,49,2
174,13867.9089,1.9,64,2
175,13868.2776,1.7,67,2
176,13868.8005,1.9,58,2
177,13869.0267,2.0,41,2
178,13869.1588,1.4,55,2
179,13869.3170,2.4,46,2
180,13869.6780,3.4,61,2
181,13870.0306,1.6,66,2
182,13870.0955,2.0,46,2
183,13870.3371,6.5,41,2
184,13870.5386,1.7,52,2
185,13870.8032,6.2,54,2
186,13870.8848,1.5,58,2
187,13871.3864,3.3,60,2
188,13871.4931,2.2,46,2
189,13871.7244,1.6,66,2
190,13871.8576,1.5,54,2
191,13872.2157,1.8,56,2
192,13872.5525,1.8,67,2
193,13873.0317,2.1,58,2
194,13873.3605,2.3,59,2
195,13873.5589,2.6,46,2
196,13873.6743,2.4,52,2
197,13873.8335,1.7,57,2
198,13874.1504,2.9,60,2
199,13874.2985,2.2,48,2
200,13874.6231,2.0,66,2
201,13874.9267,4.1,63,2
202,13875.0416,2.9,46,2
203,13875.3911,1.9,52,2
204,13875.6941,2.8,41,2
205,13876.0227,1.4,50,2
206,13876.1482,1.8,61,2
207,13876.4454,2.2,56,2
208,13876.7498,2.3,59,2
209,13876.8876,1.9,60,3
210,13877.0626,2.8,47,3
211,13877.1236,3.7,48,3
212,13877.1770,2.1,49,3
213,13877.5356,1.9,44,3
214,13877.6147,2.2,59,3
215,13877.7376,2.6,69,3
216,13877.8968,2.3,61,3
217,13878.3239,1.7,57,3
218,13878.6014,1.8,60,3
219,13878.7679,2.3,44,3
220,13879.0213,1.6,66,3
221,13879.1923,3.0,42,3
222,13879.2911,2.8,61,3
223,13879.4317,2.9,55,3
224,13879.6994,2.1,55,3
225,13879.8049,2.8,42,3
226,13879.9649,1.7,40,3
227,13880.1459,2.3,44,3
228,13880.2941,5.9,53,3
229,13880.3648,2.5,62,3
230,13880.4575,2.4,46,3
231,13880.6206,2.1,59,3
232,13881.0155,1.8,51,3
233,13881.1155,2.7,50,3
234,13881.2538,6.3,55,3
235,13881.6504,2.1,56,3
236,13881.8575,2.3,50,3
237,13881.9490,3.0,58,3
238,13882.1303,2.1,41,3
239,13882.2701,2.1,56,3
240,13882.5093,1.9,45,3
241,13882.7378,1.6,43,3
242,13882.8756,2.3,59,3
243,13883.1113,1.9,53,3
244,13883.2768,1.9,52,3
245,13883.4629,1.4,48,3
246,13883.5856,7.3,41,3
247,13883.6926,2.1,45,3
248,13883.7896,1.8,62,3
249,13884.0405,1.5,60,3
250,13884.2614,1.9,55,3
251,13884.5226,2.3,53,3
252,13884.5959,1.9,47,3
253,13884.8135,1.7,45,3
254,13885.1422,1.9,67,3
255,13885.3004,3.2,63,3
256,13885.3536,3.0,50,3
257,13885.4360,2.4,53,3
258,13885.6721,1.6,51,3
259,13885.8765,4.0,46,3
260,13885.9054,3.6,46,3
261,13886.1893,2.1,51,3
262,13886.3840,1.8,45,3
263,13886.6871,2.2,43,3
264,13886.8760,3.7,48,3
265,13887.0675,4.1,65,3
266,13887.1705,1.8,49,3
267,13887.3022,2.0,49,3
268,13887.3552,2.4,37,3
269,13887.6853,2.1,56,3
270,13888.0956,1.8,53,3
271,13888.5317,2.1,55,3
272,13888.6910,5.5,47,3
273,13888.9575,3.0,49,3
274,13889.1181,2.1,46,3
275,13889.2899,1.3,69,3
276,13889.6255,1.6,47,3
277,13889.7597,2.4,45,3
278,13889.9013,2.6,58,3
279,13890.1358,2.7,60,3
280,13890.2762,1.8,62,3
281,13890.4187,3.2,45,3
282,13890.5051,1.8,46,3
283,13890.8777,3.0,58,3
284,13891.1863,2.6,44,3
285,13891.2604,2.7,48,3
286,13891.8094,2.0,45,3
287,13891.8589,1.6,62,3
288,13892.1537,2.5,54,3
289,13892.3687,2.2,46,3
290,13892.4586,2.4,56,3
291,13892.9486,2.4,61,3
292,13893.2149,2.7,40,3
293,13893.3177,3.6,52,3
294,13893.4219,3.1,54,3
295,13893.8183,2.8,48,3
296,13894.0170,1.4,70,3
297,13894.9771,1.8,48,3
298,13895.1603,2.4,52,3
299,13895.4575,2.5,46,3
300,13895.5596,1.8,51,3
301,13895.7589,2.5,44,3
302,13896.5137,3.0,60,3
303,13897.0862,1.8,70,3
304,13897.1606,2.1,48,3
305,13897.6851,2.6,53,3
306,13897.9564,1.8,40,3
307,13898.0335,1.7,43,3
308,13898.9942,3.0,47,3
309,13899.5402,1.7,57,3
310,13900.1016,2.4,50,3
311,13900.4365,1.9,53,3
312,13900.8857,2.7,48,3
313,13901.0329,2.5,42,3
314,13901.4847,2.2,46,3
315,13901.5835,3.2,43,3
316,13902.1057,2.1,55,3
317,13902.5087,2.1,58,3
318,13902.7670,2.2,46,3
319,13902.9057,5.3,43,3
320,13903.0557,1.7,58,3
321,13903.3625,1.9,48,3
322,13903.9700,1.8,43,3
323,13904.5085,1.8,51,3
324,13904.5535,1.9,50,3
325,13904.6303,2.0,39,3
326,13905.2238,3.2,55,3
327,13905.3518,1.9,49,3
328,13905.4182,2.3,51,3
329,13905.9472,2.0,57,3
330,13906.0843,4.3,39,3
331,13906.4784,2.6,48,3
332,13906.9887,4.1,53,3
333,13907.0671,1.8,42,3
334,13907.3695,1.9,50,3
335,13908.2632,1.9,55,3
336,13908.7774,2.0,50,3
337,13908.8997,2.7,49,3
338,13909.6639,2.1,45,3
339,13910.1256,1.6,57,3
340,13910.1982,5.7,53,3
341,13910.7087,3.2,38,3
342,13911.0476,2.3,50,3
343,13911.5484,3.6,48,3
344,13911.8076,1.9,64,3
345,13911.9252,2.0,46,3
346,13912.3744,2.2,44,3
347,13912.5064,2.8,52,3
348,13912.6031,2.4,54,3
349,13913.7098,2.0,49,3
350,13913.7754,2.2,49,3
351,13914.1890,2.4,49,3
352,13914.2627,3.5,58,3
353,13914.9884,2.8,48,3
354,13915.1128,2.0,46,3
355,13915.4806,2.0,56,3
356,13915.5943,1.5,63,3
357,13916.0571,2.1,52,3
358,13916.4384,2.0,53,3
359,13916.5617,2.4,52,3
360,13916.9113,2.1,49,3
361,13917.2324,3.2,48,3
362,13917.3566,2.0,49,3
363,13917.7463,1.8,51,3
364,13917.8104,2.1,50,3
365,13918.2122,2.1,47,4
366,13918.9167,1.5,56,4
367,13919.0427,2.2,49,4
368,13919.5014,3.5,51,4
369,13919.5450,2.6,55,4
370,13919.7068,2.3,49,4
371,13920.3204,1.7,52,4
372,13920.6926,1.6,50,4
373,13920.7713,1.9,51,4
374,13921.2578,2.1,71,4
375,13921.5834,3.0,50,4
376,13921.8060,2.0,44,4
377,13922.0381,2.5,69,4
378,13922.3963,2.8,48,4
379,13922.8348,1.8,46,4
380,13922.9670,1.7,61,4
381,13923.2738,1.9,48,4
382,13923.5761,2.1,42,4
383,13924.0820,6.9,65,4
384,13924.3716,1.7,57,4
385,13924.5018,1.7,53,4
386,13924.6559,1.4,51,4
387,13924.7470,2.1,41,4
388,13925.2855,1.9,47,4
389,13925.7121,2.7,48,4
390,13925.7628,1.9,47,4
391,13925.8851,1.5,62,4
392,13926.3297,2.2,50,4
393,13926.4903,2.1,50,4
394,13926.6747,1.6,49,4
395,13926.9112,1.9,58,4
396,13927.4262,1.8,52,4
397,13927.6788,2.4,47,4
398,13927.9882,2.0,45,4
399,13928.0917,1.7,51,4
400,13928.1723,1.8,49,4
401,13928.4317,2.4,37,4
402,13928.8529,2.0,56,4
403,13928.9662,2.2,56,4
404,13929.0684,1.8,48,4
405,13929.2617,2.3,51,4
406,13929.6316,1.7,56,4
407,13930.0113,1.7,42,4
408,13930.4544,1.6,67,4
409,13930.6967,4.7,49,4
410,13930.8332,1.8,42,4
411,13931.1557,3.7,47,4
412,13931.2443,2.4,65,4
413,13931.5462,4.1,53,4
414,13932.2841,2.8,53,4
415,13932.3053,6.0,49,4
416,13932.6701,2.3,40,4
417,13932.7092,2.0,46,4
418,13932.8658,1.9,55,4
419,13932.9238,2.4,42,4
420,13933.4008,3.2,53,4
421,13933.5026,2.1,53,4
422,13933.7769,1.8,50,4
423,13933.9098,3.1,51,4
424,13934.0130,2.0,43,4
425,13934.4599,2.5,43,4
426,13934.4945,2.0,42,4
427,13934.8673,1.8,48,4
428,13934.9519,1.8,71,4
429,13935.4920,1.7,47,4
430,13935.5788,1.8,52,4
431,13935.7424,1.4,54,4
432,13935.9467,3.4,51,4
433,13936.0373,2.1,51,4
434,13936.6467,1.7,48,4
435,13936.8543,2.5,46,4
436,13937.0121,2.7,66,4
437,13937.0574,1.8,63,4
438,13937.1831,1.6,53,4
439,13937.6029,2.0,44,4
440,13937.6962,2.3,50,4
441,13937.9711,1.9,61,4
442,13938.0554,2.9,55,4
443,13938.6087,2.4,51,4
444,13939.1496,1.9,50,4
445,13939.3966,1.9,56,4
446,13939.7556,3.6,47,4
447,13939.8382,1.8,52,4
448,13940.0185,2.3,40,4
449,13940.1009,3.6,51,4
450,13940.1831,1.7,53,4
451,13940.6814,2.0,57,4
452,13940.7663,3.5,41,4
453,13941.1009,1.7,53,4
454,13941.5938,1.5,52,4
455,13941.6651,2.3,40,4
456,13941.7584,2.3,51,4
457,13942.0905,1.9,58,4
458,13942.1997,1.7,53,4
459,13942.3758,2.6,57,4
460,13942.7360,1.9,45,4
461,13942.8108,1.8,47,4
462,13942.9930,1.8,39,4
463,13943.0613,1.6,42,4
464,13943.1728,2.9,52,4
465,13943.6979,2.3,69,4
466,13943.7759,1.4,67,4
467,13944.0186,2.0,54,4
468,13944.5570,2.2,51,4
469,13944.6515,4.0,57,4
470,13944.9574,2.0,52,4
471,13945.1857,2.3,54,4
472,13945.5789,2.7,55,4
473,13945.8863,3.7,50,4
474,13945.9434,2.3,68,4
475,13946.1271,4.0,51,4
476,13946.4943,2.3,42,4
477,13946.6545,2.0,48,4
478,13946.7251,1.9,63,4
479,13947.3969,2.2,49,4
480,13947.5872,1.8,43,4
481,13947.6933,2.8,48,4
482,13948.1013,3.0,81,4
483,13948.2844,2.2,41,4
484,13948.5765,2.0,38,4
485,13948.7006,2.0,49,4
486,13948.8734,2.6,66,4
487,13949.0338,1.7,51,4
488,13949.1579,2.0,48,4
489,13949.4405,2.2,59,4
490,13949.5487,1.8,42,4
491,13950.0121,1.9,47,4
492,13950.2259,1.4,53,4
493,13950.2912,2.7,43,4
494,13950.4591,1.8,58,4
495,13950.8579,2.6,51,4
496,13950.9787,3.8,57,4
497,13951.0060,1.9,64,4
498,13951.1319,2.0,54,4
499,13951.6228,1.8,48,4
500,13951.6831,2.9,45,4
501,13951.8236,2.6,40,4
502,13951.8700,2.8,47,4
503,13951.9510,2.6,48,4
504,13952.3442,2.0,61,4
505,13952.3777,5.1,42,4
506,13952.4949,2.5,43,4
507,13952.7558,2.4,51,4
508,13953.1190,2.7,48,4
509,13953.2733,,45,4
510,13953.2883,5.5,46,4
511,13953.7692,2.1,60,4
512,13954.0746,2.2,51,4
513,13954.3266,2.1,48,4
514,13954.4480,1.6,63,4
515,13954.5265,1.8,44,4
516,13954.6501,2.3,52,4
517,13954.8373,2.4,41,4
518,13955.0887,2.8,47,4
519,13955.2228,2.0,62,4
520,13955.5955,2.9,54,4
521,13955.8342,1.9,56,4
522,13956.0162,2.8,40,4
523,13956.3284,2.0,38,4
524,13956.5317,,65,4
525,13957.0482,2.1,55,4
526,13957.3061,2.0,65,4
527,13957.6318,1.9,42,4
528,13957.7578,3.1,40,4
529,13957.8542,1.5,46,4
530,13957.9804,1.9,48,4
531,13958.4523,2.3,43,4
532,13958.6060,1.8,58,4
533,13958.6672,3.1,56,4
534,13959.1225,2.8,41,4
535,13959.1848,2.4,56,4
536,13959.3792,2.1,62,5
537,13959.7870,3.3,48,5
538,13960.0066,5.3,61,5
539,13960.2883,2.8,46,5
540,13960.4974,2.2,76,5
541,13960.6609,3.5,65,5
542,13961.0695,2.7,54,5
543,13961.2625,2.3,43,5
544,13961.3159,1.9,53,5
545,13961.4335,1.7,54,5
546,13961.6830,2.2,40,5
547,13961.7971,2.0,57,5
548,13961.8768,4.3,43,5
549,13962.2817,3.0,40,5
550,13962.4723,2.3,51,5
551,13962.6046,2.0,54,5
552,13962.7048,1.6,63,5
553,13962.8694,2.0,46,5
554,13963.0797,2.7,45,5
555,13963.1413,1.9,43,5
556,13963.3681,2.4,40,5
557,13963.4736,2.2,65,5
558,13963.8764,2.5,55,5
559,13964.3492,2.1,51,5
560,13964.4927,2.3,43,5
561,13964.5389,3.2,43,5
562,13964.7265,3.0,71,5
563,13965.1365,1.8,49,5
564,13965.4937,1.8,64,5
565,13965.5933,6.2,60,5
566,13965.7322,3.6,38,5
567,13965.9801,2.2,54,5
568,13966.0711,2.1,45,5
569,13966.2194,2.5,58,5
570,13966.3748,1.8,44,5
571,13966.7103,5.0,47,5
572,13966.7402,1.6,57,5
573,13966.8387,1.6,58,5
574,13967.4991,4.3,70,5
575,13967.6064,2.1,61,5
576,13968.0556,2.3,55,5
577,13968.3338,2.5,51,5
578,13968.7353,1.8,77,5
579,13968.8067,1.9,64,5
580,13968.8505,8.5,38,5
581,13969.0509,8.1,44,5
582,13969.1293,3.2,38,5
583,13969.2603,3.4,64,5
584,13969.4954,1.7,63,5
585,13969.6305,3.0,41,5
586,13970.0042,2.8,53,5
587,13970.4587,1.9,51,5
588,13970.7106,1.6,65,5
589,13971.1818,2.9,45,5
590,13971.4710,2.5,69,5
591,13971.6210,,71,5
592,13971.8506,3.8,44,5
593,13972.3539,2.2,48,5
594,13972.6751,2.5,66,5
595,13972.7921,2.0,56,5
596,13973.4308,1.8,61,5
597,13973.4997,1.4,64,5
598,13973.6614,2.8,40,5
599,13973.9357,2.2,55,5
600,13974.1590,2.0,40,5
601,13974.4006,2.2,44,5
602,13974.6286,3.2,83,5
603,13975.0639,1.8,56,5
604,13975.3753,2.1,65,5
605,13975.7517,2.6,40,5
606,13976.1747,2.7,54,5
607,13976.5554,1.6,64,5
608,13976.6783,4.8,37,5
609,13976.8550,2.9,45,5
610,13977.0555,2.5,39,5
611,13977.1759,2.4,55,5
612,13977.3035,2.1,55,5
613,13977.4286,1.9,42,5
614,13978.3519,2.3,53,5
615,13978.4695,1.6,60,5
616,13979.0147,2.2,57,5
617,13979.2175,1.5,65,5
618,13979.4228,1.7,56,5
619,13979.9313,1.5,41,5
620,13980.0689,2.0,41,5
621,13980.1914,2.5,48,5
622,13980.3738,1.5,74,5
623,13980.4734,2.7,48,5
624,13981.1114,2.0,78,5
625,13981.2528,3.2,34,5
626,13981.5084,3.7,38,5
627,13982.1301,2.2,48,5
628,13982.2574,1.3,60,5
629,13982.5307,1.9,47,5
630,13982.6746,2.3,54,5
631,13982.9405,2.1,42,5
632,13982.9980,1.7,66,5
633,13983.1416,2.7,44,5
634,13983.4359,2.4,37,5
635,13983.5346,2.4,45,5
636,13984.1313,1.9,81,5
637,13984.5224,2.3,50,5
638,13984.8658,1.4,66,5
639,13985.1163,3.0,43,5
640,13985.3984,1.7,47,5
641,13985.4968,1.8,50,5
642,13985.6715,3.1,49,5
643,13985.9824,1.7,68,5
644,13986.0758,2.6,36,5
645,13986.4516,2.1,47,5
646,13986.6043,1.8,44,5
647,13986.7146,2.1,71,5
648,13987.0279,2.3,43,5
649,13987.3976,2.1,38,5
650,13987.8172,1.6,72,5
651,13987.9584,2.1,43,5
652,13988.1072,2.2,53,5
653,13988.3249,1.8,50,5
654,13988.5500,2.1,59,5
655,13988.8770,2.2,44,5
656,13988.9975,3.6,40,5
657,13989.6432,1.4,77,5
658,13989.7712,3.3,54,5
659,13990.1299,2.6,58,5
660,13990.3731,2.0,66,5
661,13990.6681,2.0,46,5
662,13991.0120,2.2,38,5
663,13991.0825,2.0,45,5
664,13991.4509,1.5,79,5
665,13991.5237,4.5,41,5
666,13991.8780,2.5,49,5
667,13992.1756,1.6,62,5
668,13992.3901,2.0,48,5
669,13992.7272,2.2,50,5
670,13993.2397,1.9,83,5
671,13993.4784,2.0,52,5
672,13993.5631,1.9,60,5
673,13993.7620,2.3,44,5
674,13993.9626,1.3,71,5
675,13994.8688,2.6,37,5
676,13995.0163,2.5,66,5
677,13995.1874,3.4,46,5
678,13995.6606,2.6,37,5
679,13995.7371,1.1,76,5
680,13996.0068,2.8,41,5
681,13996.1379,1.7,51,5
682,13996.3603,2.6,38,5
683,13996.4308,2.1,63,5
684,13996.7755,2.9,70,5
685,13997.1977,2.1,50,5
686,13997.4970,2.5,76,5
687,13997.9474,1.8,55,5
688,13998.2502,3.1,48,5
689,13998.5243,1.8,69,5
690,13998.7824,2.4,54,5
691,13999.0794,3.3,65,5
692,13999.2363,1.6,59,5
693,13999.6915,2.3,57,5
694,14000.2574,1.8,67,5
695,14000.3805,3.1,42,5
696,14000.9628,2.4,73,6
697,14001.0627,4.1,42,6
698,14001.4105,2.2,51,6
699,14001.4607,3.2,37,6
700,14001.7154,4.1,55,6
701,14001.9711,1.9,76,6
702,14002.1204,2.5,47,6
703,14002.1946,2.6,41,6
704,14002.3790,3.1,49,6
705,14002.5638,2.3,35,6
706,14002.6728,1.5,63,6
707,14003.0104,1.9,47,6
708,14003.3841,2.5,43,6
709,14003.6675,1.5,61,6
710,14003.7573,2.9,37,6
711,14004.0189,3.3,59,6
712,14004.2330,1.9,37,6
713,14004.3247,3.3,44,6
714,14004.3673,1.4,67,6
715,14004.6231,2.5,43,6
716,14004.8251,2.0,43,6
717,14005.3514,2.0,70,6
718,14005.6384,2.6,41,6
719,14005.7264,1.9,45,6
720,14006.0479,1.3,67,6
721,14006.4936,2.2,34,6
722,14006.6175,2.3,46,6
723,14006.9239,2.3,54,6
724,14007.0202,1.9,74,6
725,14007.7088,1.8,80,6
726,14008.0305,3.1,34,6
727,14008.3108,2.2,71,6
728,14008.5092,2.1,39,6
729,14008.6715,2.0,73,6
730,14009.1987,1.9,61,6
731,14009.3567,1.6,67,6
732,14009.4260,1.6,43,6
733,14009.5087,2.0,55,6
734,14010.3084,1.7,64,6
735,14010.4692,4.2,40,6
736,14010.9913,1.8,71,6
737,14011.7589,3.0,63,6
738,14011.9301,1.9,72,6
739,14012.0759,1.9,51,6
740,14012.3155,2.0,37,6
741,14012.6092,1.6,62,6
742,14013.5359,1.6,68,6
743,14013.9769,3.0,39,6
744,14014.2132,2.5,63,6
745,14014.3106,2.2,57,6
746,14014.6271,1.7,51,6
747,14015.0509,4.0,36,6
748,14015.1304,2.9,70,6
749,14015.7965,1.6,68,6
750,14016.2634,2.9,38,6
751,14016.7019,1.2,70,6
752,14016.8383,1.4,50,6
753,14017.1620,2.4,53,6
754,14017.2146,2.3,36,6
755,14017.3713,2.2,88,6
756,14018.2633,1.8,81,6
757,14018.9223,1.6,59,6
758,14019.3510,1.7,62,6
759,14019.6825,1.7,45,6
760,14019.8046,1.3,63,6
761,14020.3132,2.3,40,6
762,14020.3563,3.8,36,6
763,14020.4642,1.7,77,6
764,14020.6752,4.7,34,6
765,14021.3335,1.8,74,6
766,14021.8540,1.5,53,6
767,14021.9851,1.6,69,6
768,14022.1833,1.7,64,6
769,14022.5634,2.5,38,6
770,14022.8498,1.8,69,6
771,14023.4956,1.8,70,6
772,14023.8165,3.6,35,6
773,14024.3367,2.5,84,6
774,14024.6669,1.9,45,6
775,14024.9882,1.2,66,6
776,14025.0407,2.6,45,6
777,14025.7665,2.2,41,6
778,14025.8268,1.3,65,6
779,14025.9710,3.4,47,6
780,14026.2822,2.6,41,6
781,14026.4655,2.0,73,6
782,14026.8024,2.4,48,6
783,14026.8775,2.6,35,6
784,14027.1374,2.7,50,6
785,14027.2970,1.6,75,6
786,14027.9287,1.1,69,6
787,14028.4542,2.6,37,6
788,14028.7465,1.4,70,6
789,14029.2522,1.5,61,6
790,14029.3344,4.4,36,6
791,14029.3766,1.5,77,6
792,14029.6450,3.8,37,6
793,14030.0697,3.4,43,6
794,14030.1846,1.6,71,6
795,14030.8063,1.4,66,6
796,14031.6035,1.4,68,6
797,14031.6874,1.8,49,6
798,14032.0316,1.4,57,6
799,14032.1335,5.0,38,6
800,14032.2218,1.4,78,6
801,14032.3953,3.1,41,6
802,14033.0091,1.6,69,6
803,14033.5688,2.1,45,6
804,14033.6215,1.7,67,6
805,14034.1084,2.8,55,6
806,14034.3992,1.3,65,6
807,14034.4504,1.6,58,6
808,14034.7986,2.9,34,6
809,14035.0077,1.7,80,6
810,14035.0838,2.1,36,6
811,14035.7733,1.5,71,6
812,14036.3764,1.2,83,6
813,14036.5117,1.5,62,6
814,14036.7050,2.5,41,6
815,14036.8537,2.0,59,6
816,14037.1329,1.3,73,6
817,14037.7338,1.7,83,6
818,14037.9347,2.2,55,6
819,14038.3884,7.0,39,6
820,14038.4781,1.9,78,6
821,14038.6733,2.6,40,6
822,14038.7650,5.4,34,6
823,14038.8964,1.7,64,6
824,14039.0683,1.2,64,6
825,14039.2466,1.5,62,6
826,14039.8039,1.0,80,6
827,14040.2463,2.6,34,6
828,14040.3912,2.0,81,6
829,14040.5039,2.9,38,6
830,14040.7321,2.0,43,6
831,14040.8059,3.0,41,6
832,14041.1189,1.9,81,6
833,14041.2607,1.7,67,6
834,14041.5114,3.2,38,6
835,14041.6191,1.8,60,6
836,14041.6991,1.4,68,6
837,14041.8519,4.6,42,7
838,14042.4123,1.2,64,7
839,14042.8502,2.4,44,7
840,14042.9915,1.8,77,7
841,14043.6199,2.4,58,7
842,14043.6984,1.3,83,7
843,14043.8836,3.1,35,7
844,14043.9768,1.9,54,7
845,14044.2652,1.4,78,7
846,14044.9620,1.4,68,7
847,14045.5291,1.9,71,7
848,14045.8939,4.2,39,7
849,14045.9557,1.4,65,7
850,14046.2144,1.8,71,7
851,14046.3180,1.5,65,7
852,14046.5053,2.4,35,7
853,14046.7736,1.5,72,7
854,14046.9604,2.2,38,7
855,14047.4509,1.4,67,7
856,14048.0054,1.5,85,7
857,14048.2785,2.4,59,7
858,14048.5622,2.1,41,7
859,14048.6723,2.3,72,7
860,14048.8150,2.7,49,7
861,14049.2199,1.3,68,7
862,14049.3323,2.9,47,7
863,14049.8755,1.3,77,7
864,14050.4195,1.4,77,7
865,14050.5826,1.5,61,7
866,14050.7564,5.5,41,7
867,14050.8020,4.0,61,7
868,14050.9486,2.0,57,7
869,14051.0663,1.9,69,7
870,14051.2332,3.3,42,7
871,14051.6027,1.2,68,7
872,14051.8521,2.6,43,7
873,14052.1383,2.8,40,7
874,14052.2384,1.3,68,7
875,14052.4818,4.3,36,7
876,14052.6018,2.1,42,7
877,14052.7665,2.1,87,7
878,14052.8787,1.4,66,7
879,14053.2415,1.7,54,7
880,14053.3995,1.5,83,7
881,14053.8051,1.8,51,7
882,14053.9239,1.0,70,7
883,14054.5441,1.5,64,7
884,14054.7037,1.9,62,7
885,14054.9317,2.1,48,7
886,14055.0624,2.0,77,7
887,14055.1486,1.4,56,7
888,14055.5156,1.5,65,7
889,14055.6739,1.5,72,7
890,14055.7480,1.9,37,7
891,14056.1856,1.5,69,7
892,14056.7846,1.4,61,7
893,14057.2911,1.5,74,7
894,14057.4089,1.9,67,7
895,14057.6675,2.6,45,7
896,14057.7766,1.8,50,7
897,14057.8840,1.8,71,7
898,14058.1657,4.0,47,7
899,14058.2535,1.8,40,7
900,14058.3816,1.2,64,7
901,14058.9621,1.4,63,7
902,14059.4617,2.1,83,7
903,14059.5737,1.7,45,7
904,14059.6483,1.2,55,7
905,14060.0253,3.2,87,7
906,14060.4638,1.4,72,7
907,14060.5205,1.3,60,7
908,14061.0812,1.5,63,7
909,14061.4708,2.5,35,7
910,14061.5680,2.3,78,7
911,14061.8761,2.3,64,7
912,14062.1193,2.2,68,7
913,14062.2530,2.6,61,7
914,14062.5941,1.5,63,7
915,14063.1408,1.2,66,7
916,14063.2055,2.2,35,7
917,14063.3425,2.0,36,7
918,14063.6094,1.6,81,7
919,14063.6893,3.6,36,7
920,14064.0843,1.5,61,7
921,14064.1450,1.8,67,7
922,14064.2269,2.3,42,7
923,14064.4593,1.5,64,7
924,14064.6105,1.0,73,7
925,14065.0055,2.0,41,7
926,14065.1347,1.4,62,7
927,14065.2076,1.8,49,7
928,14065.4726,3.5,35,7
929,14065.5927,1.9,74,7
930,14065.9356,3.5,54,7
931,14066.1098,2.0,69,7
932,14066.2777,1.7,63,7
933,14066.5615,1.3,64,7
934,14066.6545,1.3,55,7
935,14067.0664,2.6,68,7
936,14067.5166,3.0,75,7
937,14068.0156,1.7,76,7
938,14068.4526,1.3,87,7
939,14068.8322,1.8,68,7
940,14068.9420,1.7,59,7
941,14069.1334,2.1,38,7
942,14069.3746,1.9,70,7
943,14069.5712,2.2,36,7
944,14069.8555,2.6,57,7
945,14070.2817,1.2,67,7
946,14070.6203,1.3,72,7
947,14070.7527,1.3,65,7
948,14070.9950,1.2,57,7
949,14071.1402,,36,7
950,14071.1735,1.6,67,7
951,14071.3473,2.1,53,7
952,14071.4172,3.2,43,7
953,14071.5617,3.2,42,7
954,14071.6359,2.2,64,7
955,14071.7469,3.1,34,7
956,14071.8324,1.8,40,7
957,14072.0486,1.1,61,7
958,14072.5022,1.3,72,7
959,14072.7664,1.6,59,7
960,14072.9087,1.6,77,7
961,14073.1394,2.0,69,7
962,14073.3582,2.2,73,7
963,14073.7554,1.2,61,7
964,14074.0173,2.1,45,7
965,14074.1940,1.5,57,7
966,14074.2830,4.2,32,7
967,14074.5135,1.7,42,7
968,14074.5864,1.8,70,7
969,14074.6663,2.3,55,7
970,14074.8927,3.1,67,7
971,14075.0140,2.4,64,7
972,14075.1439,3.8,47,7
973,14075.2734,1.2,55,7
974,14075.4005,1.3,61,7
975,14075.8208,1.1,62,7
976,14076.0488,2.3,41,7
977,14076.1989,2.1,70,7
978,14076.6144,2.0,82,7
979,14076.6857,1.9,46,7
980,14076.8961,2.3,33,7
981,14076.9928,4.4,69,7
982,14077.1796,3.0,34,7
983,14077.2687,3.2,31,7
984,14077.3892,2.2,78,7
985,14077.5886,2.1,34,7
986,14077.7544,1.9,65,7
987,14078.1446,3.5,71,7
988,14078.5067,1.3,72,7
989,14078.6469,2.2,46,7
990,14078.8915,1.4,59,7
991,14079.1095,1.5,70,7
992,14079.2462,1.7,68,7
993,14079.3278,2.1,45,7
994,14079.4896,1.3,63,7
995,14079.5440,2.8,46,7
996,14079.6226,1.6,67,7
997,14079.8336,1.8,53,7
998,14079.9674,1.4,62,7
999,14080.0408,2.0,40,7
1000,14080.3364,1.3,56,7
1001,14080.3797,1.9,33,7
1002,14080.4896,2.4,41,7
1003,14080.6752,1.6,65,7
1004,14081.0368,2.4,59,7
1005,14081.1880,1.2,59,7
1006,14081.2622,2.1,33,7
1007,14081.3655,1.4,63,7
1008,14081.5166,4.2,41,7
1009,14081.5731,1.6,70,7
1010,14081.7217,1.4,69,7
1011,14081.8396,1.8,46,7
1012,14081.9614,2.2,50,7
1013,14082.0448,1.7,65,7
1014,14082.0967,2.2,43,7
1015,14082.3901,1.7,62,7
1016,14082.4625,2.4,39,7
1017,14082.7068,1.6,58,7
1018,14082.9688,2.0,42,7
1019,14083.0420,2.4,47,7
1020,14083.2565,1.4,73,8
1021,14083.3579,2.4,70,8
1022,14083.3979,3.2,41,8
1023,14083.6407,2.1,62,8
1024,14083.6776,2.5,65,8
1025,14083.7979,2.0,34,8
1026,14083.9828,1.4,54,8
1027,14084.3011,1.5,49,8
1028,14084.5908,7.6,66,8
1029,14084.9099,1.7,59,8
1030,14085.0823,3.1,42,8
1031,14085.1533,2.9,43,8
1032,14085.1973,1.4,55,8
1033,14085.3048,1.4,70,8
1034,14085.4924,3.5,65,8
1035,14085.6910,2.1,61,8
1036,14085.7834,1.8,61,8
1037,14086.0790,1.7,55,8
1038,14086.2355,3.9,35,8
1039,14086.3478,1.7,63,8
1040,14086.6358,2.1,45,8
1041,14086.9091,1.7,60,8
1042,14087.1677,5.5,65,8
1043,14087.3405,1.3,71,8
1044,14087.4442,1.6,60,8
1045,14087.6815,3.3,44,8
1046,14087.7217,1.4,74,8
1047,14087.9715,2.0,61,8
1048,14088.1375,1.8,57,8
1049,14088.2320,1.5,52,8
1050,14088.4741,2.3,53,8
1051,14088.7304,2.0,42,8
1052,14088.8066,2.1,59,8
1053,14088.9701,2.2,61,8
1054,14089.2176,2.4,47,8
1055,14089.3594,1.3,67,8
1056,14089.4487,1.7,47,8
1057,14089.6452,1.8,43,8
1058,14089.7481,1.9,80,8
1059,14089.9143,1.6,73,8
1060,14090.1415,1.9,52,8
1061,14090.2696,2.1,42,8
1062,14090.3581,1.7,47,8
1063,14090.5852,2.0,49,8
1064,14090.7900,1.4,59,8
1065,14091.0064,2.1,46,8
1066,14091.2055,1.6,56,8
1067,14091.2728,1.5,47,8
1068,14091.3612,2.5,77,8
1069,14091.4117,4.0,38,8
1070,14091.6092,2.3,52,8
1071,14091.7452,2.1,67,8
1072,14091.9171,1.8,41,8
1073,14091.9929,1.9,43,8
1074,14092.0770,2.7,35,8
1075,14092.3247,2.1,53,8
1076,14092.3654,1.6,53,8
1077,14092.5484,2.2,48,8
1078,14092.7201,2.0,44,8
1079,14092.8358,3.1,36,8
1080,14092.8919,1.8,55,8
1081,14093.0651,3.2,57,8
1082,14093.2285,1.6,41,8
1083,14093.3468,1.5,63,8
1084,14093.3820,3.0,43,8
1085,14093.6906,1.8,65,8
1086,14093.7369,1.5,66,8
1087,14093.8427,3.2,36,8
1088,14093.9842,2.0,37,8
1089,14094.2652,2.5,44,8
1090,14094.4767,2.1,64,8
1091,14094.6480,3.3,45,8
1092,14094.7252,2.3,53,8
1093,14094.7780,2.2,41,8
1094,14094.8737,2.1,47,8
1095,14095.0057,2.1,49,8
1096,14095.2329,2.2,47,8
1097,14095.3218,2.0,72,8
1098,14095.6223,3.9,43,8
1099,14095.7063,1.4,63,8
1100,14095.9459,1.8,45,8
1101,14096.0242,2.1,37,8
1102,14096.0728,3.8,47,8
1103,14096.1820,2.4,43,8
1104,14096.6782,6.0,40,8
1105,14096.8581,2.2,37,8
1106,14097.2731,1.4,77,8
1107,14097.4096,1.7,49,8
1108,14097.5407,7.1,46,8
1109,14097.6592,4.2,67,8
1110,14097.9276,1.5,40,8
1111,14097.9718,2.5,32,8
1112,14098.2494,1.9,41,8
1113,14098.4202,3.2,40,8
1114,14099.2124,2.2,81,8
1115,14099.5993,1.6,63,8
1116,14099.9269,1.6,44,8
1117,14099.9679,3.8,38,8
