3560	12423.6023	1.2	42
3561	12423.6976	1.2	33
3562	12424.0602	1.1	34
3563	12424.6213	1.3	33
3564	12424.7156	1.0	41
3565	12425.3775	1.4	32
3566	12425.6274	1.0	40
3567	12425.7172	0.8	38
3568	12425.8466	1.6	23
3569	12426.5593	1.1	28
3570	12426.6201	1.0	35
3571	12426.7094	1.1	39
3572	12427.5994	1.0	43
3573	12427.6868	1.2	36
3574	12427.8736	1.7	25
3575	12428.2202	1.9	20
3576	12428.5625	0.9	36
3577	12428.6513	1.2	37
3578	12428.9672	2.4	20
3579	12429.0445	1.7	33
3580	12429.5188	1.0	38
3581	12429.6007	1.1	34
3582	12430.3593	1.3	32
3583	12430.4574	1.2	32
3584	12430.5379	1.1	39
3585	12431.3866	1.1	38
3586	12431.4631	0.9	32
3587	12431.5149	1.1	28
3588	12432.2990	1.1	34
3589	12432.3767	1.2	37
3590	12432.8247	1.2	36
3591	12433.1997	1.0	41
3592	12433.2736	1.0	35
3593	12433.9728	1.7	33
3594	12434.0876	1.1	32
3595	12434.1619	1.3	40
3596	12434.9637	1.1	38
3597	12435.0352	0.9	44
3598	12435.2852	1.4	30
3599	12435.8244	1.0	44
3600	12435.8955	1.1	36
3601	12436.4166	1.2	28
3602	12436.5241	1.3	28
3603	12436.6757	1.0	40
3604	12436.7414	1.4	28
3605	12437.5092	1.1	33
3606	12437.5771	1.3	35
3607	12437.7311	2.2	28
3608	12438.0000	1.4	26
3609	12438.3339	1.0	41
3610	12438.3962	0.9	28
3611	12438.7687	2.4	21
3612	12438.8475	1.2	33
3613	12439.1429	1.2	32
3614	12439.2070	1.2	42
3615	12439.9382	1.3	42
3616	12439.9991	1.4	32
3617	12440.1602	1.4	33
3618	12440.7271	1.2	32
3619	12440.7843	1.4	34
3620	12441.2648	1.4	28
3621	12441.4978	1.1	43
3622	12441.5513	1.4	35
3623	12442.2529	1.1	34
3624	12442.3133	1.9	40
3625	12442.5744	1.2	26
3626	12442.9989	1.1	37
3627	12443.0547	1.6	33
3628	12443.6699	1.2	38
3629	12443.7341	1.4	40
3630	12443.7833	1.5	34
3631	12444.4503	1.3	36
3632	12444.4998	1.1	39
3633	12444.9782	1.5	30
3634	12445.1542	1.1	42
3635	12445.2050	1.4	39
3636	12445.8498	1.1	37
3637	12445.8958	0.9	35
3638	12446.0589	1.0	30
3639	12446.5344	1.2	40
3640	12446.5759	1.6	35
3641	12447.1967	1.2	37
3642	12447.2787	1.3	32
3643	12447.3666	1.3	26
3644	12447.8495	1.7	29
3645	12447.8986	1.5	35
3646	12448.4348	1.2	37
3647	12448.4941	1.1	36
3648	12448.5358	1.3	26
3649	12449.1255	2.1	34
3650	12449.1629	1.9	33
3651	12449.2779	1.6	21
3652	12449.7377	0.9	53
3653	12449.7753	2.5	27
3654	12450.0149	2.3	28
3655	12450.3391	1.8	32
3656	12450.3779	1.4	31
3657	12450.6372	2.7	26
3658	12450.7955	1.1	31
3659	12450.9296	1.6	37
3660	12450.9608	2.9	27
3661	12451.5061	1.6	32
3662	12451.5411	2.1	30
3663	12452.0980	1.8	43
