818	13712.6488	2.8	52
819	13712.8807	3.3	54
820	13713.1944	2.9	55
821	13713.7082	2.2	39
822	13714.1978	1.6	56
823	13714.5036	2.3	51
824	13714.9965	1.9	54
825	13715.5012	2.0	57
826	13715.8017	2.1	63
827	13716.0547	2.7	52
828	13716.7876	2.3	48
829	13717.0872	1.8	60
830	13717.3304	2.8	53
831	13718.0614	2.3	69
832	13718.3558	2.9	59
833	13718.3844		45
834	13719.3197	2.0	52
835	13719.4765	3.0	35
836	13719.6059	1.6	54
837	13719.6462	1.8	48
838	13719.7597	4.6	33
839	13720.5617	2.4	54
840	13720.7040	2.5	54
841	13720.8458	1.6	63
842	13721.1250	3.0	37
843	13721.7906	2.3	65
844	13721.9485	2.5	52
845	13722.0647	2.5	56
846	13723.0043	1.6	79
847	13723.2740	3.4	60
848	13724.2330	2.0	52
849	13724.4695	1.9	57
850	13725.2855	3.6	51
851	13725.3846	2.2	59
852	13725.5534	2.8	37
853	13725.6477	2.4	56
854	13726.5090	3.4	58
855	13726.5505	1.8	59
856	13726.8095	1.9	55
857	13727.1918	3.0	42
858	13727.5534	2.8	48
859	13727.7076	2.3	58
860	13727.9603	1.9	63
861	13728.7631	2.0	52
862	13728.8426	2.0	57
863	13729.0948	2.0	52
864	13729.8071	2.3	60
865	13729.9698	1.7	60
866	13730.2118	4.9	56
867	13730.5688	4.7	35
868	13731.0029	2.2	59
869	13731.0770	1.7	52
870	13731.3170	3.2	58
871	13732.0442	2.7	53
872	13732.1723	1.7	66
873	13732.4097	2.4	57
874	13733.1790	3.9	39
875	13733.2461	6.3	51
876	13733.4182	2.1	40
877	13733.4834	1.9	48
878	13734.2700	2.2	61
879	13734.3169	2.2	54
880	13734.5464	1.8	56
881	13735.3600	2.8	59
882	13735.4374	2.4	55
883	13735.5898	2.2	50
884	13736.0127	3.6	32
885	13736.1402	5.4	33
886	13736.4012	2.2	60
887	13736.4746	2.1	47
888	13736.6240	3.1	63
889	13737.4176	2.0	62
890	13737.5651	3.7	42
891	13737.6332	1.2	75
892	13738.4259	2.5	57
893	13738.6409	2.5	66
894	13739.1066	2.5	44
895	13739.4167	2.1	50
896	13739.6162		47
897	13739.8107	1.8	67
898	13740.3903	2.3	58
899	13740.5965	1.9	63
900	13740.8440	1.9	46
901	13741.3488	3.4	58
902	13741.5537	1.5	55
903	13741.9728	2.2	52
904	13742.2987	2.5	59
905	13742.4959	2.0	55
906	13742.5511	3.9	36
907	13742.9159	4.0	35
908	13743.0024	2.6	53
909	13743.2271	2.3	54
910	13743.4214	2.0	43
911	13744.1289	3.3	72
912	13744.3338	2.3	55
913	13744.7521	3.2	40
914	13745.0457	2.6	61
915	13745.1489	2.5	51
916	13745.2274	1.7	46
917	13745.9348	2.2	51
918	13746.1149	1.7	64
919	13746.2534	1.9	66
920	13746.8023	2.6	47
921	13746.9816	2.1	39
922	13747.2744	2.7	53
923	13747.6638	2.0	52
924	13747.8355	2.6	57
925	13748.3725	2.6	68
926	13748.5046	2.2	44
927	13748.6704	3.0	38
928	13749.3283	3.6	56
929	13749.3899	2.8	50
930	13749.4955	2.1	53
931	13750.1427	2.2	45
932	13750.3067	2.2	50
933	13750.4734	1.7	56
934	13750.7731	2.6	39
935	13750.9412	2.3	59
936	13751.1013	2.2	56
937	13751.4882	2.3	52
938	13751.7236	2.0	48
939	13751.8810	3.0	44
940	13752.4962	3.1	50
941	13752.5580	2.3	64
942	13752.6455	3.3	45
943	13752.8592	5.1	29
