line,component,kind,value,uncertainty,ref_line,ref_component,group,note
127I2 R(53) 24-1,a1,frequency,539376443.930,0.007,,,tanabe2022a,Table 2 (p. 46493); at 4.0 Pa and 2.0 mW pump, not extrapolated
127I2 P(49) 24-1,a1,frequency,539385032.239,0.007,,,tanabe2022a,Table 2 (p. 46493); at 4.0 Pa and 2.0 mW pump, not extrapolated
127I2 R(95) 25-1,a1,frequency,539391895.712,0.007,,,tanabe2022a,Table 2 (p. 46493); at 4.0 Pa and 2.0 mW pump, not extrapolated
127I2 R(53) 24-1,a2,interval,29.4847,0.002,,a1,,Table 3 (p. 46494) Obs.
127I2 R(53) 24-1,a3,interval,57.5238,0.002,,a1,,Table 3 (p. 46494) Obs.
127I2 R(53) 24-1,a4,interval,271.4167,0.002,,a1,,Table 3 (p. 46494) Obs.
127I2 R(53) 24-1,a5,interval,314.6497,0.002,,a1,,Table 3 (p. 46494) Obs.
127I2 R(53) 24-1,a6,interval,320.1564,0.002,,a1,,Table 3 (p. 46494) Obs.
127I2 R(53) 24-1,a7,interval,361.5644,0.002,,a1,,Table 3 (p. 46494) Obs.
127I2 R(53) 24-1,a8,interval,436.5580,0.002,,a1,,Table 3 (p. 46494) Obs.
127I2 R(53) 24-1,a9,interval,453.5142,0.002,,a1,,Table 3 (p. 46494) Obs.
127I2 R(53) 24-1,a10,interval,468.1715,0.002,,a1,,Table 3 (p. 46494) Obs.
127I2 R(53) 24-1,a11,interval,480.3761,0.002,,a1,,Table 3 (p. 46494) Obs.
127I2 R(53) 24-1,a12,interval,572.9806,0.002,,a1,,Table 3 (p. 46494) Obs.
127I2 R(53) 24-1,a13,interval,605.0798,0.002,,a1,,Table 3 (p. 46494) Obs.
127I2 R(53) 24-1,a14,interval,640.7984,0.002,,a1,,Table 3 (p. 46494) Obs.
127I2 R(53) 24-1,a15,interval,712.8259,0.002,,a1,,Table 3 (p. 46494) Obs.
127I2 R(53) 24-1,a16,interval,737.8059,0.002,,a1,,Table 3 (p. 46494) Obs.
127I2 R(53) 24-1,a17,interval,758.1616,0.002,,a1,,Table 3 (p. 46494) Obs.
127I2 R(53) 24-1,a18,interval,782.9036,0.002,,a1,,Table 3 (p. 46494) Obs.
127I2 R(53) 24-1,a19,interval,878.5743,0.002,,a1,,Table 3 (p. 46494) Obs.
127I2 R(53) 24-1,a20,interval,891.0987,0.002,,a1,,Table 3 (p. 46494) Obs.
127I2 R(53) 24-1,a21,interval,906.7704,0.002,,a1,,Table 3 (p. 46494) Obs.
127I2 P(49) 24-1,a2,interval,28.8475,0.002,,a1,,Table 3 (p. 46494) Obs.
127I2 P(49) 24-1,a3,interval,56.1683,0.002,,a1,,Table 3 (p. 46494) Obs.
127I2 P(49) 24-1,a4,interval,269.6972,0.002,,a1,,Table 3 (p. 46494) Obs.
127I2 P(49) 24-1,a5,interval,313.2782,0.002,,a1,,Table 3 (p. 46494) Obs.
127I2 P(49) 24-1,a6,interval,320.2396,0.002,,a1,,Table 3 (p. 46494) Obs.
127I2 P(49) 24-1,a7,interval,361.8352,0.002,,a1,,Table 3 (p. 46494) Obs.
127I2 P(49) 24-1,a8,interval,435.5436,0.002,,a1,,Table 3 (p. 46494) Obs.
127I2 P(49) 24-1,a9,interval,453.3492,0.002,,a1,,Table 3 (p. 46494) Obs.
127I2 P(49) 24-1,a10,interval,466.9046,0.002,,a1,,Table 3 (p. 46494) Obs.
127I2 P(49) 24-1,a11,interval,479.3020,0.002,,a1,,Table 3 (p. 46494) Obs.
127I2 P(49) 24-1,a12,interval,571.8721,0.002,,a1,,Table 3 (p. 46494) Obs.
127I2 P(49) 24-1,a13,interval,604.3902,0.002,,a1,,Table 3 (p. 46494) Obs.
127I2 P(49) 24-1,a14,interval,641.0920,0.002,,a1,,Table 3 (p. 46494) Obs.
127I2 P(49) 24-1,a15,interval,710.6493,0.002,,a1,,Table 3 (p. 46494) Obs.
127I2 P(49) 24-1,a16,interval,736.7660,0.002,,a1,,Table 3 (p. 46494) Obs.
127I2 P(49) 24-1,a17,interval,757.5058,0.002,,a1,,Table 3 (p. 46494) Obs.
127I2 P(49) 24-1,a18,interval,783.4305,0.002,,a1,,Table 3 (p. 46494) Obs.
127I2 P(49) 24-1,a19,interval,877.4111,0.002,,a1,,Table 3 (p. 46494) Obs.
127I2 P(49) 24-1,a20,interval,890.1523,0.002,,a1,,Table 3 (p. 46494) Obs.
127I2 P(49) 24-1,a21,interval,906.4480,0.002,,a1,,Table 3 (p. 46494) Obs.
127I2 R(95) 25-1,a2,interval,36.4978,0.002,,a1,,Table 3 (p. 46494) Obs.
127I2 R(95) 25-1,a3,interval,71.9356,0.002,,a1,,Table 3 (p. 46494) Obs.
127I2 R(95) 25-1,a4,interval,282.5530,0.002,,a1,,Table 3 (p. 46494) Obs.
127I2 R(95) 25-1,a5,interval,321.7722,0.002,,a1,,Table 3 (p. 46494) Obs.
127I2 R(95) 25-1,a6,interval,326.6465,0.002,,a1,,Table 3 (p. 46494) Obs.
127I2 R(95) 25-1,a7,interval,364.7465,0.002,,a1,,Table 3 (p. 46494) Obs.
127I2 R(95) 25-1,a8,interval,443.0134,0.002,,a1,,Table 3 (p. 46494) Obs.
127I2 R(95) 25-1,a9,interval,455.8425,0.002,,a1,,Table 3 (p. 46494) Obs.
127I2 R(95) 25-1,a10,interval,479.9027,0.002,,a1,,Table 3 (p. 46494) Obs.
127I2 R(95) 25-1,a11,interval,491.1205,0.002,,a1,,Table 3 (p. 46494) Obs.
127I2 R(95) 25-1,a12,interval,581.3148,0.002,,a1,,Table 3 (p. 46494) Obs.
127I2 R(95) 25-1,a13,interval,611.8682,0.002,,a1,,Table 3 (p. 46494) Obs.
127I2 R(95) 25-1,a14,interval,643.3297,0.002,,a1,,Table 3 (p. 46494) Obs.
127I2 R(95) 25-1,a15,interval,727.6092,0.002,,a1,,Table 3 (p. 46494) Obs.
127I2 R(95) 25-1,a16,interval,745.7749,0.002,,a1,,Table 3 (p. 46494) Obs.
127I2 R(95) 25-1,a17,interval,765.0061,0.002,,a1,,Table 3 (p. 46494) Obs.
127I2 R(95) 25-1,a18,interval,782.7229,0.002,,a1,,Table 3 (p. 46494) Obs.
127I2 R(95) 25-1,a19,interval,887.5631,0.002,,a1,,Table 3 (p. 46494) Obs.
127I2 R(95) 25-1,a20,interval,898.8326,0.002,,a1,,Table 3 (p. 46494) Obs.
127I2 R(95) 25-1,a21,interval,911.3790,0.002,,a1,,Table 3 (p. 46494) Obs.
