v,G,G_unc,B_x10,B_x10_unc,D_s,D_s_unc,D_exp,negH_s,negH_s_unc,H_exp,negL_s,L_exp,negM_s,M_exp,italic,flags,page
4,945.5916,0.0041,0.3628259,0.000017,0.45304,0.0067,8,0.593,,15,,,,,B1 D1,,471
5,1152.3564,0.0058,0.3616882,0.000018,0.45806,0.0069,8,0.591,,15,,,,,B1 D1,,471
6,1357.8841,,0.3605287,0.000017,0.46096,0.0058,8,0.639,,15,,,,,B1 D1,origin,471
7,1562.1603,0.0050,0.3593809,0.000017,0.46372,0.0065,8,0.643,,15,,,,,B1 D1,,471
8,1765.1884,0.0031,0.3582099,0.000016,0.46584,0.0062,8,0.697,,15,,,,,B1 D1,,471
9,1966.9434,0.0051,0.3570361,0.000017,0.46847,0.0064,8,0.698,,15,,,,,B1 D1,,471
10,2167.4257,0.0030,0.3558534,0.000016,0.47128,0.0061,8,0.751,,15,,,,,B1 D1,,471
11,2366.6208,0.0060,0.3546653,0.000018,0.47534,0.0066,8,0.772,,15,,,,,B1 D1,,471
12,2564.5213,0.0030,0.3534676,0.000018,0.47914,0.0061,8,0.814,,15,,,,,B1 D1,,471
13,2761.1162,0.0086,0.3522602,0.000020,0.48263,0.0075,8,0.829,,15,,,,,B1 D1,italic?:B glyph:D,471
14,2956.3944,0.0030,0.3510472,0.000016,0.48793,0.0060,8,0.886,,15,,,,,B1 D1,,471
15,3150.3522,0.0072,0.3498004,0.000090,0.48510,0.0026,8,0.904,,15,,,,,B1 D1,,471
16,3342.9618,0.0025,0.3485711,0.000014,0.49158,0.0055,8,0.945,,15,,,,,B1 D1,,471
17,3534.2249,0.0082,0.3473257,0.000102,0.49620,0.0300,8,0.986,,15,,,,,B1 D1,,471
18,3724.1307,0.0025,0.3460621,0.000014,0.49856,0.0057,8,1.035,,15,,,,,B1 D1,,471
19,3912.6572,0.0094,0.3447949,0.000022,0.50377,0.0084,8,1.076,,15,,,,,B1 D1,,471
20,4099.7962,0.0026,0.3435143,0.000014,0.50826,0.0055,8,1.135,,15,,,,,B1 D1,,471
21,4285.525,0.025,0.3422443,0.000060,0.52182,0.0220,8,1.196,,15,,,,,B1 D1,G3dp,471
22,4469.8566,0.0026,0.3409174,0.000014,0.51892,0.0058,8,1.263,,15,,,,,B1 D1,,471
23,4652.7492,0.0026,0.3395983,0.000063,0.52403,0.0024,8,1.332,,15,,,,,B1 D1,,471
24,4834.1996,0.0030,0.3382597,0.000014,0.52707,0.0058,8,1.401,,15,,,,,B1 D1,,471
25,5014.1774,0.0036,0.3369344,0.000067,0.53699,,8,1.501,,15,,,,,B1,,471
26,5192.6939,0.0036,0.3355630,0.000015,0.54336,0.0060,8,1.572,,15,,,,,B1 D1,,471
27,5369.7115,0.0045,0.3341878,0.000120,0.55136,0.0670,8,1.666,,15,,,,,B1 D1,,471
28,5545.2192,0.0038,0.3327944,0.000014,0.55687,0.0060,8,1.765,,15,,,,,B1 D1,,471
29,5719.1822,0.0140,0.3314305,0.000040,0.59018,0.0220,8,1.863,,15,,,,,B1 D1,,472
30,5891.6315,0.0027,0.3299576,0.000014,0.57116,0.0058,8,1.978,,15,0.216,20,,,B1 D1,italic?:D,472
31,6062.4974,0.0028,0.3285140,0.000014,0.57986,0.0064,8,2.080,,15,0.243,20,,,B1 D1,italic?:D glyph:D,472
32,6231.7773,0.0026,0.3270503,0.000014,0.58798,0.0058,8,2.202,,15,0.243,20,,,B1 D1,,472
33,6399.4515,0.0029,0.3255660,0.000014,0.59677,0.0065,8,2.333,,15,0.278,20,,,B1 D1,,472
34,6565.4968,0.0028,0.3240607,0.000014,0.60523,0.0058,8,2.468,,15,0.310,20,,,B1 D1,,472
35,6729.8924,0.0029,0.3225350,0.000014,0.61552,0.0065,8,2.608,,15,0.349,20,,,B1 D1,,472
36,6892.6141,0.0030,0.3209852,0.000014,0.62522,0.0058,8,2.759,,15,0.364,20,,,B1 D1,,472
37,7053.6385,0.0029,0.3194142,0.000014,0.63697,0.0065,8,2.932,,15,0.397,20,,,B1 D1,,472
38,7212.9401,0.0032,0.3178168,0.000014,0.64791,0.0059,8,0.3109,,14,0.0448,19,,,B1 D1,,472
39,7370.4954,0.0029,0.3161951,0.000014,0.66123,0.0065,8,0.3305,,14,0.0475,19,,,B1 D1,,472
40,7526.2810,0.0050,0.3145523,0.000022,0.68127,0.0088,8,0.3518,,14,0.0537,19,,,B1 D1,,472
41,7680.2618,0.0042,0.3128668,0.000022,0.68973,0.0097,8,0.3743,,14,0.0571,19,,,B1 D1,,472
42,7832.4105,0.0049,0.3111607,0.000022,0.70551,0.0088,8,0.4008,,14,0.0585,19,,,B1 D1,,472
43,7982.7006,0.0040,0.3094211,0.000021,0.72005,0.0090,8,0.4298,,14,0.0680,19,,,B1 D1,,472
44,8131.1023,0.0046,0.3076491,0.000022,0.73687,0.0088,8,0.4595,,14,0.0755,19,,,B1 D1,,472
45,8277.5803,0.0039,0.3058455,0.000021,0.75504,0.0089,8,0.4933,,14,0.0780,19,,,B1 D1,,472
46,8422.1042,0.0051,0.3040067,0.000022,0.77403,0.0090,8,0.5315,,14,0.0853,19,,,B1 D1,,472
47,9564.6417,0.0040,0.3021308,0.000021,0.79435,0.0089,8,0.5726,,14,0.0949,19,,,B1 D1,Gmisprint,472
48,8705.1742,0.0059,0.3001748,0.000023,0.80058,0.0091,8,0.6174,,14,0.105,19,,,B1 D1,,472
49,8843.6167,0.0043,0.2982500,0.000022,0.83446,0.0091,8,0.6660,,14,0.117,19,,,B1 D1,,472
50,8980.0659,0.0110,0.2960417,0.000031,0.77953,0.0120,8,0.7186,,14,0.129,19,,,B1 D1,,472
51,9114.2070,0.0040,0.2942101,0.000013,0.88431,0.0058,8,0.7764,,14,0.142,19,0.3,25,B1 D1,,472
52,9246.2662,0.0170,0.2921120,0.000040,0.90703,0.0160,8,0.8390,,14,0.160,19,0.4,25,B1 D1,,472
53,9376.1277,0.0136,0.2899453,0.000036,0.92368,0.0300,8,0.9064,,14,0.181,19,0.4,25,B1 D1,,472
54,9503.7250,0.0071,0.2877638,0.000023,0.96093,0.022,8,0.9065,0.61,14,0.203,19,0.5,25,B1 D2 H2,,472
55,9629.0361,0.0057,0.2855142,0.000016,0.99029,0.008,8,1.0586,,14,0.231,19,0.5,25,B1 D2,,472
56,9752.0135,0.0059,0.2832140,0.000018,1.02927,0.017,8,0.9053,0.50,14,0.260,19,0.7,25,B1 D2 H2,,472
57,9872.6177,0.0060,0.2808490,0.000019,1.06298,0.016,8,1.0177,0.43,14,0.289,19,0.8,25,B1 D2 H2,,472
58,9990.8031,0.0058,0.2784221,0.000018,1.09522,0.016,8,1.2728,0.45,14,0.326,19,0.8,25,B1 D2 H2,,472
59,10106.5277,0.0061,0.2759362,0.000018,1.13751,0.016,8,1.2738,0.43,14,0.370,19,1.0,25,B1 D2 H2,,472
60,10219.7492,0.0058,0.2733813,0.000018,1.17763,0.015,8,1.4282,0.40,14,0.417,19,1.3,25,B1 D2 H2,,472
61,10330.4250,0.0062,0.2707565,0.000019,1.21927,0.016,8,1.6233,0.43,14,0.467,19,1.5,25,B1 D2 H2,,472
62,10438.5102,0.0058,0.2680651,0.000018,1.26471,0.015,8,1.8458,0.40,14,0.525,19,1.8,25,B1 D2 H2,,472
63,10543.9739,0.0058,0.2652772,0.000018,1.29667,0.014,8,2.4249,0.40,14,0.590,19,2.1,25,B1 D2 H2,,472
64,10646.7464,0.0059,0.2624693,0.000016,1.38157,0.014,8,1.7238,0.40,14,0.662,19,2.6,25,B1 D2 H2,,472
65,10746.8214,0.0059,0.2595519,0.000016,1.43805,0.014,8,1.9034,0.39,14,0.742,19,3.0,25,B1 D2 H2,,472
66,10844.1488,0.0059,0.2565537,0.000016,1.49600,0.014,8,2.1689,0.40,14,0.836,19,3.5,25,B1 D2 H2,,472
67,10938.6936,0.0059,0.2534755,0.000016,1.55936,0.014,8,2.3983,0.40,14,0.946,19,4.1,25,B1 D2 H2,,472
68,11030.4229,0.0060,0.2503147,0.000016,1.62636,0.015,8,2.6596,0.40,14,1.070,19,5.0,25,B1 D2 H2,,472
69,11119.3056,0.0059,0.2470727,0.000016,1.70017,0.014,8,2.8790,0.39,14,1.211,19,6.0,25,B1 D2 H2,,472
70,11205.3171,0.0059,0.2437431,0.000016,1.77863,0.014,8,3.0738,0.40,14,1.376,19,7.0,25,B1 D2 H2,,472
71,11288.4345,0.0059,0.2403173,0.000016,1.84665,0.014,8,3.7461,0.40,14,1.572,19,8.4,25,B1 D2 H2,,472
72,11368.6364,0.0058,0.2368201,0.000016,0.194028,0.0014,7,0.35054,0.038,13,0.0181,17,0.100,23,B1 D2 H2,glyph:H,473
73,11445.9151,0.0053,0.2332151,0.000020,0.201365,0.0013,7,0.48587,0.034,13,0.0208,17,0.122,23,B1 D2 H2,,473
74,11520.2478,0.0059,0.2295404,0.000016,0.211042,0.0017,7,0.55413,0.064,13,0.0241,17,0.150,23,B1 D2 H2,glyph:H,473
75,11591.6416,0.0059,0.2257746,0.000016,0.222031,0.0014,7,0.55396,0.039,13,0.0281,17,0.184,23,B1 D2 H2,,473
76,11660.0938,0.0039,0.2219161,0.000016,0.232792,0.0014,7,0.61111,0.038,13,0.0329,17,0.227,23,B1 D2 H2,,473
77,11725.6019,0.0078,0.2179808,0.000024,0.244449,0.0022,7,0.70131,0.058,13,0.0388,17,0.283,23,B1 D2 H2,,473
78,11788.1914,0.0080,0.2139435,0.000024,0.256652,0.0022,7,0.77702,0.058,13,0.0460,17,0.355,23,B1 D2 H2,,473
79,11847.8658,0.0078,0.2098272,0.000024,0.270301,0.0022,7,0.85486,0.060,13,0.0547,17,0.450,23,B1 D2 H2,,473
80,11904.6511,0.0078,0.2056140,0.000023,0.284326,0.0020,7,0.96129,0.056,13,0.0656,17,0.575,23,B1 D2 H2,glyph:H,473
81,11958.5698,0.0080,0.2013035,0.000024,0.298595,0.0022,7,1.11379,0.058,13,0.0790,17,0.741,23,B1 D2 H2,,473
82,12009.6520,0.0078,0.1969047,0.000024,0.314722,0.0022,7,1.27377,0.058,13,0.0960,17,0.969,23,B1 D2 H2,,473
83,12057.9395,0.0078,0.1923534,0.000024,0.326161,0.0022,7,1.63951,0.059,13,0.1175,17,1.280,23,B1 D2 H2,,473
84,12103.4340,0.0080,0.1878147,0.000024,0.350653,0.0022,7,1.73612,0.060,13,0.1445,17,1.670,23,B1 D2 H2,,473
85,12146.2092,0.0080,0.1831087,0.000025,0.370138,0.0022,7,2.09703,0.062,13,0.1784,17,2.280,23,B1 D2 H2,,473
86,12186.2931,0.0078,0.1782929,0.000024,0.391370,0.0022,7,2.56837,0.058,13,0.2387,17,3.160,23,B1 D2 H2,,473
87,12223.7263,0.0078,0.1733716,0.000024,0.418873,0.0022,7,2.87252,0.060,13,0.3661,17,4.470,23,B1 D2 H2,,473
88,12258.5669,0.0085,0.1682221,0.000028,0.433035,0.0027,7,4.12613,0.077,13,0.3662,17,6.310,23,B1 D2 H2,,473
89,12290.8333,0.0064,0.162886,0.000100,0.46030,0.440,7,3.436,,13,0.411,17,,,D2,,473
90,12320.5910,0.0064,0.156846,0.000036,0.37378,0.028,7,4.486,,13,0.968,17,,,D2,,473
91,12347.8420,0.0110,0.152330,0.000260,0.61944,0.250,7,5.299,,13,0.621,17,,,D2,,473
92,12372.7107,0.0084,0.146180,0.000170,0.36052,0.00130,7,38.1,20.2,13,1.31,17,,,,,473
93,12395.1666,0.0076,0.141874,0.000085,0.66902,,7,6.846,,13,0.990,17,,,,,473
94,12415.4750,0.0140,0.13528,0.00021,0.8630,0.0780,7,7.94,,13,1.48,17,,,,,473
95,12433.6540,0.0690,0.12919,0.00064,0.76091,,7,8.64,,13,2.11,17,,,,,473
96,12449.9120,0.0820,0.12327,0.00077,0.80645,,7,9.88,,13,2.35,17,,,,,473
98,12477.3320,0.0140,0.11225,0.00016,0.90707,,7,14.26,,13,5.39,17,,,,,473
99,12488.8240,0.0280,0.10691,0.00093,1.0616,0.660,7,17.98,,13,7.78,17,,,D1,,473
100,12499.0010,0.0270,0.10126,0.00079,1.1430,0.530,7,23.84,,13,12.2,17,,,D1,,473
101,12507.9420,0.0140,0.09564,0.00015,1.1744,,7,32.52,,13,18.5,17,,,,,473
102,12515.7280,0.0600,0.08997,0.00190,1.3947,1.300,7,43.28,,13,26.2,17,,,D1,,473
103,12522.7180,0.0120,0.07671,0.00013,1.4855,,7,53.45,,13,32.0,17,,,,perturbed,473
104,12528.0670,0.0620,0.07909,0.00200,2.1544,1.400,7,62.76,,13,46.1,17,,,,,473
106,12536.7750,0.0540,0.06610,0.00170,2.4576,1.160,7,141.2,,13,107.,17,,,D1,glyph:D H* L*,473
107,12539.9330,0.0590,0.05919,0.00190,2.6372,1.300,7,199.0,,13,155.,17,,,D1,glyph:D H* L*,473
108,12542.3580,0.0150,0.05294,0.00021,3.4600,,7,269.0,,13,219.,17,,,,D* H* L*,473
