line,component,kind,value,uncertainty,ref_line,ref_component,group,note
127I2 P(9) 13-1,t2,frequency,509601977.9,1.6,,,velchev1998a,
127I2 R(9) 13-1,t2,frequency,509632429.0,1.9,,,velchev1998a,
127I2 R(13) 13-1,t2,frequency,509609972.0,2.0,,,velchev1998a,
127I2 P(15) 13-1,t2,frequency,509545298.7,2.3,,,velchev1998a,
127I2 R(15) 13-1,t2,frequency,509594978.1,1.6,,,velchev1998a,
127I2 P(18) 13-1,t1,frequency,509508487.7,1.6,,,velchev1998a,
127I2 P(20) 13-1,t1,frequency,509480808.2,1.9,,,velchev1998a,
127I2 R(20) 13-1,t1,frequency,509546506.3,2.5,,,velchev1998a,
127I2 R(23) 13-1,t2,frequency,509509886.3,1.7,,,velchev1998a,
127I2 R(25) 13-1,t2,frequency,509482330.8,1.9,,,velchev1998a,
127I2 P(27) 13-1,t2,frequency,509364143.8,2.7,,,velchev1998a,
127I2 R(32) 13-1,t1,frequency,509366084.1,2.5,,,velchev1998a,
127I2 R(38) 13-1,t1,frequency,509241911.8,2.5,,,velchev1998a,
127I2 P(39) 13-1,t2,frequency,509092511.4,2.4,,,velchev1998a,
127I2 R(44) 13-1,t1,frequency,509095072.1,2.6,,,velchev1998a,
127I2 P(44) 13-1,t1,frequency,508952596.1,3.0,,,velchev1998a,
127I2 P(46) 13-1,t1,frequency,508892223.1,3.0,,,velchev1998a,
127I2 R(49) 13-1,t2,frequency,508955369.9,2.7,,,velchev1998a,
127I2 R(51) 13-1,t2,frequency,508895076.1,2.9,,,velchev1998a,
127I2 P(65) 13-1,t2,frequency,508192805.3,1.6,,,velchev1998a,
127I2 R(75) 13-1,t2,frequency,507974147.3,2.0,,,velchev1998a,
127I2 R(79) 13-1,t2,frequency,507785131.1,2.2,,,velchev1998a,
127I2 R(83) 13-1,t2,frequency,507585929.2,1.8,,,velchev1998a,
127I2 R(87) 13-1,t2,frequency,507376523.8,1.4,,,velchev1998a,
127I2 R(91) 13-1,t2,frequency,507156900.2,1.8,,,velchev1998a,
127I2 P(99) 13-1,t2,frequency,506369955.4,1.2,,,velchev1998a,
127I2 R(104) 13-1,t1,frequency,506372344.2,1.3,,,velchev1998a,
127I2 R(107) 13-1,t2,frequency,506175873.2,1.6,,,velchev1998a,
127I2 R(111) 13-1,t2,frequency,505904887.9,1.6,,,velchev1998a,
127I2 P(111) 13-1,t2,frequency,505550262.0,1.8,,,velchev1998a,
127I2 R(116) 13-1,t1,frequency,505551619.9,1.9,,,velchev1998a,
127I2 P(119) 13-1,t2,frequency,504952280.2,3.3,,,velchev1998a,
127I2 P(123) 13-1,t2,frequency,504637769.6,1.1,,,velchev1998a,
127I2 R(128) 13-1,t1,frequency,504637640.5,1.2,,,velchev1998a,
127I2 R(130) 13-1,t1,frequency,504476197.9,1.6,,,velchev1998a,
127I2 P(67) 14-1,t2,frequency,511156922.0,1.1,,,velchev1998a,
127I2 P(68) 14-1,t1,frequency,511111745.3,1.1,,,velchev1998a,
127I2 P(69) 14-1,t2,frequency,511065923.3,1.1,,,velchev1998a,
127I2 P(70) 14-1,t1,frequency,511019455.2,1.4,,,velchev1998a,
127I2 R(72) 14-1,t1,frequency,511154541.7,1.2,,,velchev1998a,
127I2 R(73) 14-1,t2,frequency,511109285.1,1.3,,,velchev1998a,
127I2 R(74) 14-1,t1,frequency,511063381.3,1.1,,,velchev1998a,first decimal uncertain in the scan
127I2 P(92) 14-1,t1,frequency,509833399.7,1.1,,,velchev1998a,
127I2 P(15) 15-1,t2,frequency,515641846.2,2.4,,,velchev1998a,
127I2 P(16) 15-1,t1,frequency,515629854.0,1.2,,,velchev1998a,
127I2 R(19) 15-1,t2,frequency,515651560.1,1.4,,,velchev1998a,
127I2 R(20) 15-1,t1,frequency,515640121.4,1.3,,,velchev1998a,
127I2 R(21) 15-1,t2,frequency,515628031.0,1.3,,,velchev1998a,
127I2 P(117) 15-1,t2,frequency,511044175.2,1.1,,,velchev1998a,
127I2 R(121) 15-1,t2,frequency,511103398.7,1.5,,,velchev1998a,
127I2 R(136) 15-1,t1,frequency,509850059.7,1.3,,,velchev1998a,
127I2 P(11) 16-1,t2,frequency,518650204.9,1.3,,,velchev1998a,
127I2 R(17) 16-1,t2,frequency,518637995.9,1.7,,,velchev1998a,
127I2 R(18) 16-1,t1,frequency,518627631.3,1.5,,,velchev1998a,
127I2 P(21) 16-1,t2,frequency,518525170.7,1.9,,,velchev1998a,
127I2 R(26) 16-1,t1,frequency,518520828.6,1.3,,,velchev1998a,
127I2 P(30) 16-1,t1,frequency,518355932.5,1.8,,,velchev1998a,
127I2 R(35) 16-1,t2,frequency,518349878.8,1.8,,,velchev1998a,
127I2 P(65) 16-1,t2,frequency,517185695.6,1.3,,,velchev1998a,
127I2 R(69) 16-1,t2,frequency,517217059.9,1.2,,,velchev1998a,
127I2 P(93) 16-1,t2,frequency,515659358.7,1.5,,,velchev1998a,
127I2 R(116) 16-1,t1,frequency,514370607.9,1.1,,,velchev1998a,
127I2 R(121) 16-1,t2,frequency,513979201.2,1.2,,,velchev1998a,
127I2 P(124) 16-1,t1,frequency,513350047.8,1.1,,,velchev1998a,
127I2 P(132) 16-1,t1,frequency,512647155.5,1.0,,,velchev1998a,
127I2 R(136) 16-1,t1,frequency,512701376.6,1.1,,,velchev1998a,
127I2 R(137) 16-1,t2,frequency,512610634.7,1.3,,,velchev1998a,
127I2 P(8) 17-1,t1,frequency,521586497.4,4.4,,,velchev1998a,
127I2 R(14) 17-1,t1,frequency,521575692.3,4.5,,,velchev1998a,
127I2 R(15) 17-1,t2,frequency,521567120.5,4.5,,,velchev1998a,
127I2 P(22) 17-1,t1,frequency,521418244.1,2.2,,,velchev1998a,
127I2 P(42) 17-1,t1,frequency,520948096.8,1.1,,,velchev1998a,
127I2 R(54) 17-1,t1,frequency,520705108.8,1.7,,,velchev1998a,
127I2 P(64) 17-1,t1,frequency,520117714.3,3.9,,,velchev1998a,
127I2 R(68) 17-1,t1,frequency,520143711.2,3.9,,,velchev1998a,
127I2 R(6) 18-1,t1,frequency,524475481.8,4.3,,,velchev1998a,
127I2 R(8) 18-1,t1,frequency,524468252.9,4.2,,,velchev1998a,
127I2 R(18) 18-1,t1,frequency,524390857.2,4.0,,,velchev1998a,
127I2 P(19) 18-1,t2,frequency,524319179.5,3.9,,,velchev1998a,
127I2 R(24) 18-1,t1,frequency,524311394.2,3.0,,,velchev1998a,
127I2 P(27) 18-1,t2,frequency,524177555.9,3.4,,,velchev1998a,
127I2 R(31) 18-1,t2,frequency,524187351.0,2.5,,,velchev1998a,
127I2 P(31) 18-1,t2,frequency,524090221.6,3.3,,,velchev1998a,
127I2 R(40) 18-1,t1,frequency,523978221.5,2.0,,,velchev1998a,
127I2 P(42) 18-1,t1,frequency,523793188.2,1.8,,,velchev1998a,
127I2 R(46) 18-1,t1,frequency,523807726.7,1.8,,,velchev1998a,
127I2 P(47) 18-1,t2,frequency,523630566.8,1.3,,,velchev1998a,
127I2 R(50) 18-1,t1,frequency,523680231.5,1.5,,,velchev1998a,
127I2 R(54) 18-1,t1,frequency,523541657.9,1.2,,,velchev1998a,
127I2 R(56) 18-1,t1,frequency,523468212.5,1.3,,,velchev1998a,
127I2 R(60) 18-1,t1,frequency,523312993.5,1.8,,,velchev1998a,
127I2 P(61) 18-1,t2,frequency,523083220.3,1.1,,,velchev1998a,
127I2 R(63) 18-1,t2,frequency,523189287.3,1.6,,,velchev1998a,
127I2 R(64) 18-1,t1,frequency,523146661.6,1.1,,,velchev1998a,
127I2 R(71) 18-1,t2,frequency,522828790.3,1.5,,,velchev1998a,
127I2 R(76) 18-1,t1,frequency,522580821.6,2.0,,,velchev1998a,
127I2 P(81) 18-1,t2,frequency,522065155.8,3.3,,,velchev1998a,
127I2 R(82) 18-1,t1,frequency,522260185.6,2.5,,,velchev1998a,
127I2 P(86) 18-1,t1,frequency,521767018.7,2.0,,,velchev1998a,
127I2 R(88) 18-1,t1,frequency,521914325.2,1.5,,,velchev1998a,
127I2 P(98) 18-1,t1,frequency,520979920.4,3.2,,,velchev1998a,
127I2 R(98) 18-1,t1,frequency,521281620.3,1.4,,,velchev1998a,
127I2 R(100) 18-1,t1,frequency,521146613.6,1.2,,,velchev1998a,
127I2 P(101) 18-1,t2,frequency,520767302.1,1.4,,,velchev1998a,
127I2 R(104) 18-1,t1,frequency,520868103.6,1.3,,,velchev1998a,
127I2 P(104) 18-1,t1,frequency,520548328.3,2.2,,,velchev1998a,
127I2 P(105) 18-1,t2,frequency,520473922.7,2.2,,,velchev1998a,
127I2 R(110) 18-1,t1,frequency,520429053.2,1.3,,,velchev1998a,
127I2 R(113) 18-1,t2,frequency,520199924.4,1.5,,,velchev1998a,
127I2 R(114) 18-1,t1,frequency,520122122.2,1.8,,,velchev1998a,
127I2 R(116) 18-1,t1,frequency,519964376.7,1.7,,,velchev1998a,
127I2 R(119) 18-1,t2,frequency,519722396.0,2.1,,,velchev1998a,
127I2 P(123) 18-1,t2,frequency,519013099.8,3.6,,,velchev1998a,
127I2 R(124) 18-1,t1,frequency,519304761.9,2.4,,,velchev1998a,
127I2 R(132) 18-1,t1,frequency,518599137.6,1.4,,,velchev1998a,
