v,G,G_unc,B_x10,B_x10_unc,D_x1e8,D_x1e8_unc,negH_x1e14,negH_x1e14_unc,negL_x1e20,negL_x1e20_unc,negM_x1e23,page
8,1671.5787,0.0004,0.3637630,0.0000060,0.4768,0.0026,0.0557,,0.0303,,,76
9,1874.8283,,0.3625607,0.0000060,0.4794,0.0026,0.0718,,0.0323,,,76
10,2076.7826,0.0006,0.3613497,0.0000060,0.4825,0.0025,0.0750,,0.0346,,,76
11,2277.4293,0.0003,0.3601319,0.0000060,0.4864,0.0025,0.0785,,0.0373,,,76
12,2476.7608,0.0006,0.3589039,0.0000062,0.4901,0.0025,0.0823,,0.0402,,,76
13,2674.7644,0.0003,0.3576673,0.0000060,0.4939,0.0025,0.0864,,0.0435,,,76
14,2871.4308,0.0004,0.3564209,0.0000060,0.4980,0.0025,0.0908,,0.0471,,,76
15,3066.7478,0.0003,0.3551640,0.0000060,0.5019,0.0025,0.0954,,0.0511,,,76
16,3260.7039,0.0003,0.3538995,0.0000060,0.5091,0.0025,0.1004,,0.0556,,,76
17,3453.2872,0.0003,0.3526227,0.0000070,0.5114,0.0032,0.1057,,0.0605,,,76
18,3644.4853,0.0004,0.3513348,0.0000070,0.5166,0.0032,0.1113,,0.0659,,,76
19,3834.2854,0.0004,0.3500349,0.0000080,0.5219,0.0032,0.1172,,0.0718,,,76
20,4022.6733,0.0006,0.3487210,0.0000080,0.5265,0.0032,0.1235,,0.0738,,,76
21,4209.6349,0.0005,0.3474010,0.0000080,0.5332,0.0032,0.1302,,0.0855,,,76
22,4395.1570,0.0004,0.3460626,0.0000080,0.5387,0.0032,0.1373,,0.0934,,,76
23,4579.2233,0.0008,0.3447116,0.0000080,0.5449,0.0032,0.1447,,0.1021,,,76
24,4761.8282,0.0004,0.3433444,0.0000080,0.5504,0.0032,0.1526,,0.1116,,,76
25,4942.9300,0.0006,0.3419608,0.0000080,0.5553,0.0032,0.1610,,0.1221,,,76
26,5122.5368,0.0004,0.3405645,0.0000080,0.5624,0.0036,0.1698,,0.1336,,,76
27,5300.6235,0.0004,0.3391485,0.0000070,0.5677,0.0031,0.1792,,0.1482,,,76
28,5477.1717,0.0004,0.3377203,0.0000070,0.5755,0.0030,0.1892,,0.1620,,,76
29,5652.1636,0.0004,0.3362738,0.0000070,0.5833,0.0040,0.1997,,0.1771,,,76
30,5825.5800,0.0004,0.3348085,0.0000070,0.5908,0.0030,0.2110,,0.1936,,,76
31,5997.3996,0.0004,0.3333272,0.0000070,0.6006,0.0034,0.2230,,0.2118,,,76
32,6167.6053,0.0009,0.3318207,0.0000070,0.6079,0.0030,0.2358,,0.2318,,,76
33,6336.1716,0.0003,0.3302976,0.0000070,0.6176,0.0032,0.2495,,0.2537,,,76
34,6503.0788,0.0008,0.3287570,0.0000070,0.6300,0.0032,0.2641,,0.2799,,,76
35,6668.3033,0.0004,0.3271884,0.0000070,0.6399,0.0032,0.2798,,0.3078,,,76
36,6831.8217,0.0005,0.3256011,0.0000070,0.6534,0.0030,0.2967,,0.3388,,,76
37,6993.6089,0.0004,0.3239839,0.0000070,0.6648,0.0030,0.3148,,0.3731,,,76
38,7153.6391,0.0004,0.3223406,0.0000070,0.6766,0.0030,0.3344,,0.4110,,,76
39,7311.8862,0.0004,0.3206712,0.0000070,0.6896,0.0030,0.3555,,0.4530,,,76
40,7468.3232,0.0004,0.3189726,0.0000070,0.7031,0.0030,0.3783,,0.4997,,,76
41,7622.9213,0.0006,0.3172431,0.0000070,0.7169,0.0030,0.4030,,0.5515,,,76
42,7775.6502,0.0003,0.3154855,0.0000070,0.7327,0.0030,0.4298,,0.6093,,,76
43,7926.4807,0.0006,0.3136914,0.0000070,0.7477,0.0030,0.4590,,0.6733,,,76
44,8075.3804,0.0003,0.3118653,0.0000070,0.7645,0.0026,0.4906,,0.7447,,,76
45,8222.3175,0.0003,0.3100018,0.0000060,0.7818,0.0026,0.5251,,0.8243,,,76
46,8367.2579,0.0003,0.3081019,0.0000060,0.8006,0.0026,0.5627,,0.9131,,,76
47,8510.1667,0.0003,0.3061629,0.0000060,0.8204,0.0026,0.6039,,1.012,,,76
48,8651.0084,0.0003,0.3041834,0.0000060,0.8420,0.0026,0.6488,,1.123,,,76
49,8789.7464,0.0003,0.3021600,0.0000060,0.8645,0.0026,0.6979,,1.248,,,76
50,8926.3421,0.0004,0.3000922,0.0000060,0.8886,0.0026,0.7518,,1.387,,,76
51,9060.7579,0.0006,0.2979759,0.0000060,0.9140,0.0027,0.8109,,1.544,,,76
52,9192.9520,0.0004,0.2958119,0.0000060,0.9414,0.0026,0.8758,,1.720,,,77
53,9322.8862,0.0006,0.2935899,0.0000120,0.9713,0.0120,0.83,0.34,1.919,,,77
54,9450.5162,0.0006,0.2913224,0.0000120,1.0066,0.0120,0.76,0.34,2.143,,,77
55,9575.8014,0.0006,0.2889934,0.0000120,1.0360,0.0120,0.96,0.34,2.397,,,77
56,9698.6980,0.0006,0.2866076,0.0000120,1.0710,0.0120,1.04,0.34,2.684,,,77
57,9819.1634,0.0006,0.2841594,0.0000120,1.1071,0.0120,1.16,0.34,3.009,,,77
58,9937.1528,0.0006,0.2816474,0.0000120,1.1456,0.0120,1.30,0.34,3.380,,,77
59,10052.6226,0.0009,0.2790643,0.0000120,1.1852,0.0120,1.50,0.34,3.802,,,77
60,10165.5292,0.0006,0.2764205,0.0000130,1.2281,0.0120,1.66,0.34,4.200,,,77
61,10275.8274,0.0012,0.2737048,0.0000130,1.2779,0.0130,1.76,0.36,4.837,,,77
62,10383.4776,0.0004,0.2709082,0.0000136,1.3234,0.0120,2.06,0.17,5.472,,,77
63,10488.4345,0.0007,0.2680414,0.0000130,1.3778,0.0140,2.23,0.36,6.202,,,77
64,10590.6591,0.0004,0.2650941,0.0000130,1.4356,0.0130,2.37,0.36,7.044,,,77
65,10690.1111,0.0005,0.2620659,0.0000130,1.4959,0.0130,2.61,0.34,8.019,,,77
66,10786.7537,0.0005,0.2589531,0.0000130,1.5560,0.0130,2.98,0.34,9.152,,,77
67,10880.5516,0.0004,0.2557653,0.0000120,1.6331,0.0130,3.01,0.34,10.47,,,77
68,10971.4733,0.0003,0.2524808,0.0000120,1.7008,0.0120,3.43,0.32,12.01,,,77
69,11059.4895,0.0004,0.2491194,0.0000062,1.7860,0.0060,3.55,0.20,13.82,,,77
70,11144.5753,0.0006,0.2456599,0.0000062,1.8663,0.0054,3.90,0.18,15.95,,,77
71,11226.7101,0.0004,0.2421092,0.0000056,1.9451,0.0028,4.71,,18.47,,,77
72,11305.8753,0.0004,0.2384735,0.0000060,2.0429,0.0052,4.73,0.18,21.45,,,77
73,11382.0602,0.0004,0.2347439,0.0000060,2.1381,0.0050,5.27,0.16,25.00,,,77
74,11455.2577,0.0010,0.2309232,0.0000070,2.2403,0.0066,5.82,0.22,29.26,,,77
75,11525.4659,0.0008,0.2270030,0.0000066,2.3381,0.0060,6.51,0.20,34.37,,,77
76,11592.6874,0.0004,0.2229993,0.0000060,2.4530,0.0052,7.23,0.18,40.54,,,78
77,11656.9317,0.0010,0.2188983,0.0000064,2.5706,0.0090,7.86,0.34,48.04,,,78
78,11718.2122,0.0005,0.2147091,0.0000032,2.6984,0.0048,8.92,0.18,57.17,,,78
79,11776.5472,0.0005,0.2104311,0.0000034,2.8402,0.0050,10.00,0.18,68.4,,0.46,78
80,11831.9607,0.0008,0.2060607,0.0000032,2.9971,0.0045,11.13,0.18,82.2,,0.64,78
81,11884.4814,0.0010,0.2015808,0.0000160,3.1503,0.0240,13.1,1.8,108.,45.,0.88,78
82,11934.1390,0.0012,0.1970169,0.0000170,3.3316,0.0220,14.5,1.4,142.,32.,1.26,78
83,11980.9704,0.0012,0.1923560,0.0000160,3.5329,0.0220,16.3,1.5,181.,36.,1.76,78
84,12025.0131,0.0017,0.1875962,0.0000200,3.785,0.029,15.3,1.8,325.,50.,2.46,78
85,12066.3099,0.0022,0.1826883,0.0000200,3.973,0.032,21.4,3.2,333.,90.,3.60,78
86,12104.8975,0.0016,0.1777053,0.0000200,4.305,0.028,24.01,,261.9,,5.00,78
87,12140.8217,0.0012,0.1725524,0.0000200,4.486,0.090,27.68,,324.6,,,78
88,12174.1312,0.0015,0.1672978,0.0000240,4.877,0.080,32.07,,405.6,,,78
89,12204.8657,0.0015,0.1618878,0.0000240,5.400,0.072,37.37,,511.2,,,78
91,12258.8203,0.0028,0.1506315,0.0000500,6.459,0.200,51.68,,836.2,,,78
92,12282.1504,0.0015,0.1447530,0.0000320,7.183,0.170,61.40,,1087.,,,78
94,12322.0349,0.0012,0.1328204,0.0000220,7.827,0.100,88.70,,1910.,,,78
95,12338.8840,0.0014,0.1268587,0.0000240,8.181,0.070,108.0,,2587.,,,78
96,12353.9214,0.0018,0.1210389,0.0000320,8.639,0.100,132.8,,3562.,,,78
99,12389.7589,0.0006,0.104096,0.000094,10.69,0.28,265.1,,10470.,,,78
100,12399.0347,0.0110,0.098398,0.000180,11.72,0.40,343.3,,15720.,,,78
104,12424.9653,0.0045,0.074297,0.000086,18.33,0.94,1177.,,112400.,,,78
105,12429.0671,0.0022,0.067749,0.000130,18.1,1.3,1713.,,206400.,,,78
107,12434.8941,0.0040,0.054968,0.000110,33.1,1.0,4113.,,859700.,,,78
108,12436.8362,0.0100,0.047035,0.000220,19.0,2.0,6940.,,2028000.,,,78
